Gene_symbol,Adj_p-value,AUROC
DCN,4.4885E-157,0.988565244
CFD,9.5368E-152,0.974436047
CXCL14,2.9568E-148,0.956923135
FBLN1,3.1122E-146,0.956467416
C1R,4.8287E-140,0.954374905
C1S,6.2189E-144,0.953566003
TWIST2,2.3883E-143,0.946190946
COL6A2,1.6001E-134,0.945157983
MMP2,7.7671E-139,0.942079979
APOD,4.9382E-132,0.940505848
SERPINF1,5.8743E-132,0.939250722
CTSK,7.7253E-135,0.937631019
MFAP4,5.8829E-137,0.934547319
DPT,7.9361E-137,0.931306015
LUM,7.0614E-129,0.929046407
PTGDS,2.5016E-122,0.917725581
SOD3,8.5892E-123,0.9172072
TNFAIP6,7.2771E-114,0.915293179
COL6A1,2.6784E-118,0.914689351
CEBPB,6.6549E-115,0.91157527
COL1A2,2.7963E-112,0.904310345
FBLN2,3.1225E-120,0.898298648
PCOLCE,8.3787E-114,0.894100334
CCDC80,8.8121E-114,0.890585599
MEG3,4.8073E-109,0.890445086
CD44,1.2239E-99,0.882713049
COL1A1,2.9417E-99,0.873792344
THBS2,1.96531E-97,0.873617652
WISP2,1.275E-110,0.872666338
PDPN,3.2058E-99,0.872599878
CFH,2.0725E-97,0.869914932
SFRP2,4.8409E-105,0.869208568
CLEC11A,1.218E-104,0.867974328
ECM1,9.4637E-105,0.86631475
CTSL,3.05199E-93,0.86616854
GPNMB,1.5885E-99,0.862401261
VCAN,1.7136E-102,0.857906729
CES1,4.3151E-102,0.850936123
TIMP1,6.26477E-81,0.85077852
COL3A1,3.47029E-90,0.84977214
NNMT,2.22621E-78,0.846528938
AEBP1,8.36175E-92,0.845378247
RCN3,1.52916E-93,0.843342701
PTGES,9.26716E-85,0.840192541
EMP3,1.14461E-82,0.838808294
MT2A,4.47908E-71,0.830895868
PLAC9,5.47425E-81,0.825258241
SCPEP1,3.48737E-81,0.824369588
GLUL,1.31155E-69,0.819964302
SERPINE2,5.61407E-73,0.818323713
CLEC3B,5.12388E-80,0.817670515
CST3,4.20188E-65,0.816903388
PSAP,1.68726E-63,0.811394881
SRPX,6.08728E-79,0.809725809
MT1M,5.48062E-68,0.804247683
GEM,3.19918E-68,0.803657147
FTL,1.10887E-58,0.80142792
ID2,8.02202E-63,0.796593498
LOX,7.82904E-75,0.796390324
IGFBP5,5.54241E-76,0.796164363
MT1X,1.79977E-56,0.795108613
PLTP,9.21454E-74,0.794094638
COL14A1,8.86729E-77,0.792689503
FBN1,4.70992E-74,0.789945693
SERPING1,3.11212E-54,0.788325991
WIF1,6.2345E-72,0.787448732
SEPP1,2.42087E-60,0.78741835
PID1,3.73459E-73,0.786332219
ACKR3,1.00126E-58,0.785042914
MEDAG,1.79188E-63,0.784957466
PPIB,1.01726E-52,0.784714416
IGFBP4,7.5306E-55,0.784672642
CD63,4.27879E-52,0.784528331
SLIT3,6.31963E-72,0.782773811
QPCT,1.61978E-69,0.776420325
TIMP2,8.90504E-61,0.775527875
MGST1,1.32553E-68,0.773416376
EFEMP2,6.74766E-65,0.768479417
CPQ,7.27144E-65,0.7681813
OLFML3,6.94294E-70,0.76738569
FN1,1.77641E-60,0.766373614
MT1E,5.35266E-54,0.765923591
ELN,2.63695E-66,0.764630488
UAP1,4.80933E-57,0.763500684
PLAUR,1.17028E-55,0.763371563
LGALS1,2.01035E-44,0.76310003
ABI3BP,2.8996E-56,0.761746164
REEP5,6.22355E-47,0.760424578
FSTL1,4.60848E-46,0.760363816
TMEM176B,6.81263E-61,0.759608081
LRP1,1.18852E-62,0.758926401
PLPP3,9.16448E-44,0.758354853
HEXA,8.85663E-54,0.756585144
SLC39A14,7.15964E-47,0.756319307
CRABP2,4.95929E-62,0.74957846
CRISPLD2,3.73811E-49,0.749341106
IL6,1.33731E-41,0.748790445
S100A4,8.06505E-43,0.747136564
FAM134B,2.17709E-58,0.746521343
PPIC,9.06002E-48,0.745784597
CXCL1,1.23814E-46,0.74569725
FBLN5,1.69968E-54,0.745562434
AKR1C1,2.26689E-47,0.745507367
TNFAIP2,3.00273E-50,0.744218062
ZFP36L1,3.21419E-38,0.742387589
NBL1,2.02315E-40,0.742326827
RGCC,1.08424E-42,0.741603372
COL6A3,4.74651E-46,0.740764089
PRELP,7.75686E-57,0.739991265
FXYD1,4.598E-47,0.739134893
VASN,9.12388E-52,0.738025976
STEAP1,6.33318E-58,0.737555066
TSC22D3,6.11868E-42,0.736799332
CEBPD,8.92984E-36,0.736034103
IL15RA,1.18336E-51,0.735557497
ANXA5,4.16418E-35,0.7353904
BGN,1.46161E-48,0.734854929
SSR4,3.46534E-36,0.733229531
CREB5,4.45388E-50,0.733159274
FCGRT,2.52615E-36,0.732830776
FTH1,3.6299E-34,0.732420629
TNXB,3.89452E-51,0.731887058
XG,7.02693E-53,0.730981316
PCOLCE2,2.8556E-56,0.7305199
ANXA1,1.26232E-34,0.730100258
PI16,1.25919E-51,0.728820447
GSN,4.42881E-33,0.728436883
PGF,1.34609E-43,0.726549446
MFGE8,1.54921E-38,0.725277229
NENF,6.2123E-40,0.724299332
EFEMP1,2.19123E-43,0.724270849
PDGFRL,7.05727E-51,0.723617652
FST,1.17688E-52,0.723507519
FHL1,1.16726E-39,0.720564332
C3,2.8345E-51,0.720089625
MFAP5,1.22838E-51,0.718836397
CTSF,6.05455E-48,0.718817408
PAM,1.73192E-40,0.718650311
ATRAID,3.75971E-36,0.71748443
CXCL12,5.6604E-45,0.717298344
SPARC,1.93156E-29,0.716322345
RND3,3.92519E-45,0.714218441
TMEM59,8.57895E-29,0.713589929
FGFR1,2.26948E-34,0.713219657
FKBP10,1.27907E-42,0.713044964
VKORC1,7.80432E-32,0.712387969
SOD2,3.40509E-28,0.712255051
ARL6IP5,5.18471E-41,0.7103904
CP,6.56613E-49,0.710285964
SEPT11,3.46551E-39,0.710063801
IGFBP6,2.86545E-46,0.70944858
LGALS3BP,3.61741E-38,0.709213125
PTGS2,7.04936E-43,0.705442048
ZFP36L2,1.07016E-28,0.705442048
HEXB,1.47558E-33,0.705430655
REXO2,2.24723E-29,0.70363626
S100A11,6.3382E-26,0.702844448
MXRA8,4.40633E-46,0.701418426
IFT57,1.36795E-34,0.70094182
PRRX2,2.71192E-43,0.700748139
JTB,1.63256E-28,0.700491797
MPZL1,2.43646E-34,0.700087346
HTRA1,6.88919E-43,0.699844296
SELM,6.74547E-24,0.696358043
LHFP,1.12615E-27,0.696327662
MMP14,1.22731E-31,0.696304876
RBPJ,6.58975E-27,0.69629918
NUCB2,1.04209E-31,0.695803585
PNRC1,1.81463E-23,0.694768722
SGCA,4.9533E-46,0.694461112
UGP2,5.65433E-28,0.694052863
THY1,1.04709E-40,0.693855385
ADGRD1,4.99283E-43,0.693430047
SDC2,1.65778E-40,0.693399666
S100A6,4.46163E-23,0.693331308
GAS6,1.20409E-30,0.693093954
LRPAP1,5.94905E-28,0.692051496
ACP5,2.14694E-43,0.691514127
ECM2,3.51026E-42,0.691301458
GYPC,3.50752E-24,0.690980556
PLD3,2.37845E-32,0.690391919
NAMPT,6.00147E-23,0.690266596
CLMP,1.70661E-41,0.689801382
CYP1B1,2.02082E-31,0.688793103
CPE,1.69388E-26,0.688212061
MMP23B,3.93489E-43,0.688155096
RCN1,3.26657E-25,0.687957618
GSTM3,6.90667E-32,0.686812623
FMOD,1.1591E-37,0.686784141
ATP6AP2,1.98935E-24,0.685910679
TPST1,1.33771E-37,0.685868905
PRDX6,1.46633E-22,0.68582713
PRDX4,5.9493E-25,0.685126462
MIR4435-2HG,3.16465E-31,0.684433389
PTX3,1.3129E-27,0.683168768
COL16A1,1.50598E-40,0.682973189
PDIA3,8.28907E-21,0.682414932
BNIP3,2.49731E-21,0.682048458
BIRC3,2.45876E-21,0.681317408
THBS1,8.81426E-27,0.6808446
CD47,2.95166E-27,0.680278748
LAPTM4A,1.05202E-19,0.679705302
RARRES2,4.13384E-29,0.67790521
CERCAM,5.51516E-40,0.677684946
PIGT,3.86766E-27,0.676522862
RGS10,2.75182E-31,0.67552028
PLIN2,5.50693E-20,0.675142412
IRF2BP2,6.55644E-27,0.67504937
F13A1,2.53399E-37,0.674377184
CXCL3,4.35138E-26,0.673891083
TPPP3,1.60016E-28,0.673691706
C12orf75,8.15225E-29,0.672639754
ANGPTL5,3.98406E-39,0.672265684
MPC2,1.98392E-24,0.671961871
CTSS,1.53368E-26,0.671686541
AXL,2.70997E-33,0.671405514
GADD45A,2.52101E-19,0.669797205
DPP4,6.23783E-36,0.669757329
COL5A1,1.14799E-36,0.669552256
ZFAND5,2.6149E-18,0.669508583
CALU,1.10013E-21,0.668921844
GREM1,8.47677E-38,0.668788926
SGCB,1.03317E-30,0.667427465
UBXN4,1.88153E-18,0.666635652
GLRX,3.11106E-25,0.666550205
LAMP1,2.65734E-21,0.666523621
OS9,3.85097E-23,0.666517925
PAPPA,1.38862E-35,0.666219809
CYBA,1.97336E-20,0.666155248
TMEM205,9.12706E-21,0.665984354
ZDHHC9,5.4016E-29,0.665900805
ISLR,1.96503E-36,0.665528634
APLP2,6.90834E-20,0.664736822
PODN,5.73903E-34,0.664096916
GSTO1,4.27252E-17,0.663348777
APOE,1.25676E-23,0.663255734
CYBRD1,1.85033E-28,0.663120918
COL5A2,5.5218E-33,0.662995595
ANPEP,1.24246E-31,0.66230442
ARSG,1.17651E-29,0.662283533
CRYAB,7.14214E-26,0.66227214
F10,6.8832E-32,0.662097448
MMP19,3.63131E-31,0.66197972
LINC01436,1.85987E-35,0.661772748
COL12A1,4.80521E-32,0.661349309
SVEP1,2.20364E-34,0.660713201
C1QTNF3,2.31316E-35,0.660572687
ERCC1,3.46224E-24,0.66047015
LMAN1,5.4749E-18,0.660456859
AKR1C3,1.15825E-23,0.660189123
MRC2,1.86911E-35,0.659763786
CPXM1,1.12345E-34,0.659084004
SDF4,1.19552E-20,0.658381437
FAS,1.22197E-27,0.657705453
GPX4,6.87149E-15,0.657375057
FGF7,1.73663E-30,0.657314294
AKR1C2,1.17623E-28,0.657221252
DPP7,2.7875E-20,0.657206061
SIRPA,1.17E-26,0.656199681
TYMP,1.06013E-16,0.655835106
FUCA2,5.18294E-28,0.655799028
PDLIM2,1.21361E-25,0.655776242
TSKU,2.72731E-30,0.655153425
NR4A2,2.67672E-26,0.654986328
GFPT2,8.75104E-31,0.654602765
TSPAN4,1.83142E-19,0.654521115
PEBP1,3.4402E-17,0.653856524
UBB,6.08228E-14,0.653848929
PTGIR,3.61987E-26,0.65371791
CA12,9.78645E-30,0.653526128
S100A13,1.79313E-17,0.65289002
LAMP2,3.35339E-18,0.652757102
LY6E,3.48406E-15,0.652005165
CD81,4.24656E-20,0.651959593
DDIT4,1.56803E-13,0.651329181
LAMB2,5.8346E-23,0.651300699
IL1R1,1.01298E-20,0.65052028
ANTXR1,9.28765E-31,0.649988607
GREM2,3.0501E-32,0.649413261
NFIX,1.07978E-30,0.649208188
STEAP2,4.84236E-30,0.648946149
WTAP,8.42961E-14,0.648822725
DRAM1,1.355E-27,0.648767659
SSR2,1.38601E-13,0.647554307
IER3,7.3374E-13,0.647539116
OMD,2.2508E-32,0.64728847
NRN1,7.91502E-15,0.647068206
OSBPL8,3.71788E-19,0.645214948
EID1,5.04136E-13,0.644952909
P4HA2,4.37149E-23,0.64436617
FOXN3,8.9003E-21,0.644136412
LTBP1,3.89187E-29,0.644033875
CHID1,1.85493E-25,0.643785128
IRAK3,5.7196E-19,0.643657907
HSPB3,5.11187E-31,0.643646514
SH3BP5,4.52227E-17,0.643487012
PGRMC1,5.77951E-18,0.642892678
FAM3C,3.22609E-16,0.642822421
OAT,6.94797E-18,0.642742671
COL18A1,6.92368E-14,0.642666717
RUNX1,1.64551E-25,0.642349613
PDCD5,4.26382E-14,0.642203403
SLC43A3,9.1382E-16,0.641451466
DHRS7,5.48456E-15,0.641398299
CELF2,7.2105E-19,0.640786875
ATP5G3,8.92429E-15,0.640777381
MAN1A1,6.8535E-26,0.640604588
WIPI1,4.445E-19,0.640505848
PGK1,9.47194E-12,0.640395716
MAFB,1.48901E-28,0.639472885
BLVRB,2.86361E-17,0.639396931
CD99,3.61104E-11,0.639298192
TMEM45A,4.94508E-21,0.639131095
TWSG1,2.24824E-22,0.638967796
TMEM38B,6.10907E-21,0.638851967
LTBP4,1.65412E-18,0.638743734
SFT2D1,8.54263E-17,0.638612715
LPAR1,1.97623E-28,0.638202567
CRIP1,1.66266E-16,0.638065851
PTN,1.79124E-24,0.637507595
SERINC1,2.90677E-14,0.63741835
METRNL,1.33357E-26,0.63740316
FAP,1.20746E-29,0.637133526
CD55,1.17851E-11,0.637019596
ABCA1,1.55494E-23,0.636860094
ANGPTL4,2.38456E-15,0.636806927
CTSD,2.30994E-15,0.636746164
CKAP4,6.77889E-17,0.636609449
WBP1L,4.59936E-23,0.636341714
CD164,2.08969E-13,0.635614461
TMEM176A,1.4799E-24,0.635525216
NDUFA11,8.43504E-13,0.634380222
CLU,2.90086E-11,0.634207428
FAM180B,9.83263E-29,0.63407451
COX6C,1.40557E-10,0.633985265
NTRK2,1.42481E-26,0.633892222
FAM162A,4.85941E-11,0.633216239
MYDGF,7.83484E-11,0.633142184
ALDH2,1.01071E-15,0.633096612
EMC7,3.7911E-14,0.632933313
OSMR,8.80315E-15,0.632295306
DDX24,1.42412E-11,0.632185174
C5orf15,1.42465E-17,0.632183275
CREB3L1,8.00308E-28,0.632059851
PRR5,2.88383E-19,0.632052256
TNFRSF11B,5.03901E-25,0.632038964
C12orf57,9.0654E-12,0.631494
RNF149,7.04331E-14,0.63138007
STK24,3.69522E-23,0.631068662
GRN,3.3833E-13,0.630935744
SPON1,9.95819E-27,0.630624335
AHNAK,1.68499E-12,0.629948352
ANK2,1.00328E-25,0.629629348
VIM,2.51759E-09,0.629526811
RER1,1.38324E-15,0.629454656
GSTP1,1.60109E-09,0.629397691
TMBIM4,1.08817E-11,0.629268571
GUSB,3.45359E-18,0.629230594
SRGAP1,2.17964E-20,0.629055902
RHOBTB3,2.16142E-20,0.628829941
ANXA2,3.31035E-09,0.628753988
SSR3,8.14163E-13,0.62839321
YWHAQ,9.08557E-10,0.627965973
LRRC15,1.15443E-24,0.627749506
EIF4A3,1.46738E-10,0.627438098
FAM107A,9.43629E-21,0.627422907
RAN,3.21481E-09,0.627346954
RASD1,1.10492E-12,0.627010861
WDR61,1.70169E-16,0.626568434
TMEM50A,4.73817E-09,0.626127905
ITM2C,1.33919E-23,0.626086131
OSTC,3.9302E-11,0.625717758
DEGS1,5.36022E-11,0.625641805
SPTSSA,6.20917E-14,0.625626614
KDSR,1.25036E-15,0.625562054
RAB34,3.21168E-16,0.625262039
PTGIS,5.72784E-26,0.625091144
SLC25A37,1.00675E-14,0.625045572
ADM,5.12862E-09,0.624794926
HAS1,9.5656E-24,0.624576561
SEP15,1.24917E-09,0.624272748
SOD1,3.75355E-09,0.624077168
ATP2B1,6.96855E-14,0.623951846
HDLBP,2.8685E-14,0.623760064
GFRA1,1.58677E-23,0.623723986
C2,1.14518E-25,0.623704998
ITIH5,8.05251E-15,0.623420173
HSPA8,3.42755E-09,0.623404983
S100A10,2.90858E-08,0.623150539
NUCB1,1.10485E-09,0.623078384
CAPG,1.50424E-17,0.622918882
C1orf198,1.66359E-18,0.622795458
LEPR,4.70379E-18,0.622768874
SAMD4B,9.14056E-18,0.622746088
CYLD,4.47586E-12,0.622592283
PNISR,2.1925E-09,0.622542914
COL13A1,3.22704E-18,0.622377715
ABL1,9.54394E-20,0.622318852
AP3S1,5.72381E-11,0.622083397
IDH2,3.8657E-18,0.621912502
DNAJC1,6.82484E-12,0.621783381
SEC61G,3.88992E-09,0.621667553
BASP1,2.07273E-19,0.621614386
LAMC3,1.52406E-23,0.621183351
ADH5,2.51926E-15,0.620727632
BNIP3L,3.11028E-08,0.62047129
RIPK2,1.7163E-13,0.620025065
TMED3,1.01634E-15,0.619895944
MESDC2,3.10192E-12,0.619538964
IL32,1.09295E-07,0.619400349
ERGIC3,1.11118E-10,0.618969315
CLIP1,4.43085E-15,0.618794623
PLAGL1,1.09085E-17,0.618714872
C17orf58,5.56645E-21,0.618551572
KDELR1,2.16979E-11,0.618487012
SNAI2,4.61676E-13,0.618477518
C16orf13,3.24256E-14,0.617953441
GSTM5,1.89519E-23,0.617928756
CREG1,3.04694E-13,0.617735075
OSR2,4.68231E-24,0.617571776
PHC2,2.17203E-16,0.617526204
ASIP,1.00728E-24,0.617241379
IFI27L2,1.93314E-14,0.617059092
SERPINH1,1.88425E-10,0.616967948
VDAC1,4.81811E-08,0.616865411
BRK1,2.02619E-07,0.615511545
NPTX2,1.91248E-13,0.615251405
SPCS2,1.06918E-07,0.615234316
DST,3.88169E-17,0.615171654
PSMB5,2.63679E-08,0.614974176
SPCS1,6.9878E-09,0.614938098
TTC3,5.47901E-16,0.614738721
PRNP,3.4346E-08,0.614620993
LRRC32,1.71157E-16,0.614575422
LYRM4,1.09102E-12,0.614372247
PMEPA1,1.50763E-14,0.614355157
ATP5J2,2.43116E-09,0.614256418
TIPARP,6.71747E-10,0.614142488
TBX3,5.66715E-17,0.613962099
EIF1AX,1.10117E-08,0.613872854
CSRP2,2.56578E-08,0.613607018
TMEM248,1.44299E-11,0.613449415
ERP44,1.02434E-08,0.613388653
HIBADH,4.80736E-18,0.613356372
INSIG2,2.50855E-11,0.612946225
LRRN4CL,2.87193E-23,0.612893058
PGRMC2,7.8579E-14,0.612739253
KCNK1,2.39738E-22,0.612583549
TSPO,5.48027E-08,0.612454428
WSB1,1.0959E-07,0.612268343
LGALS3,1.60076E-06,0.612106942
TGFBI,1.34331E-17,0.612080358
DIRAS3,1.45237E-22,0.611662616
IAH1,3.83014E-16,0.611421464
ADAMTS5,2.60573E-21,0.611172718
ELL2,6.9848E-12,0.611163223
CMSS1,7.53475E-11,0.611005621
TUBB2A,2.40993E-13,0.610796749
TMBIM6,2.30842E-06,0.610792952
PNPLA8,1.07603E-08,0.610529014
TGIF1,3.4841E-07,0.610504329
SNX7,4.523E-15,0.610481543
C1QTNF1,5.13066E-13,0.610122664
FBLN7,6.95496E-20,0.609947972
RP11-834C11.4,9.86031E-20,0.609877715
ADH1B,1.71518E-20,0.609851132
CLN5,4.17801E-15,0.609725809
FAM207A,6.67353E-14,0.609421996
P4HB,1.09814E-07,0.609418198
SSPN,7.96269E-21,0.609330852
PRDX2,4.85E-10,0.609072611
SF3B5,5.53305E-08,0.608871335
ANXA4,6.54452E-14,0.608662464
PERP,3.13651E-10,0.60803585
DPYSL3,1.03349E-14,0.608009266
KDELR2,1.71818E-06,0.607887741
IMP3,1.56061E-07,0.607663679
DAB2,4.64345E-12,0.607525065
ACKR4,8.88724E-22,0.60732189
MDH1,1.27088E-09,0.607255431
SNX9,2.7304E-07,0.607236442
PRRX1,1.17828E-12,0.607200365
CEMIP,2.62116E-19,0.606904147
THBS3,3.31876E-18,0.606820599
COX6B1,2.45191E-06,0.606771229
CHPT1,7.03595E-15,0.606763634
ASAH1,7.11997E-11,0.606727556
SLC38A5,5.77528E-19,0.606664894
NDUFAF2,5.28699E-13,0.606634513
SH3PXD2A,9.61526E-14,0.606475011
SRSF11,2.09871E-06,0.606463618
PARK7,4.68761E-06,0.606410451
TMEM258,4.63695E-06,0.606357284
FKBP8,1.99716E-08,0.606332599
CUTA,5.76553E-08,0.606195883
ADD3,9.2852E-15,0.605692693
TUBB2B,1.85643E-17,0.6056813
DHRSX,2.2316E-15,0.605491417
NDUFA13,2.63222E-06,0.605347106
KLF4,8.70582E-09,0.605255962
FGL2,6.30871E-11,0.605202795
BOD1,2.68097E-09,0.604952149
FAM180A,3.27447E-21,0.604927465
UBA52,1.8824E-05,0.604766064
FAM195B,2.57737E-09,0.60469201
RAB32,4.54299E-10,0.604657831
HCFC1R1,8.1653E-13,0.604625551
TMEM98,1.66892E-18,0.604540103
SAP18,1.01882E-05,0.604505924
FKBP9,6.81675E-18,0.604492633
SPATS2L,5.22162E-12,0.604262874
LEPROT,1.52023E-06,0.604200213
GDI2,1.90831E-07,0.604150843
ZNF331,1.54786E-13,0.604109069
ANGPTL1,2.29276E-20,0.604067295
CCBE1,1.38246E-20,0.603858423
SEC63,3.49148E-10,0.60366854
RPS27L,3.36192E-06,0.603655248
AHCYL1,5.31319E-12,0.603341941
COMP,1.26409E-18,0.603247
GRINA,2.96284E-07,0.603079903
GALNT15,2.25196E-16,0.602950782
SMS,2.77579E-12,0.60290521
HTRA3,1.28249E-19,0.602654565
PTGR1,1.92705E-11,0.602627981
ERLEC1,6.63676E-13,0.60256532
PHPT1,5.96442E-08,0.602441896
REV3L,4.20654E-07,0.602358347
EMX2OS,4.66266E-19,0.602331764
SPON2,2.90176E-19,0.601803889
KRTCAP2,9.18294E-06,0.600945617
NDUFS5,2.67551E-05,0.600934225
SPPL2A,2.19282E-08,0.600896248
UQCR10,1.35439E-08,0.600814598
MAMDC2,1.48607E-19,0.600732949
SMIM14,1.71546E-12,0.600719657
ADAMTS2,2.14188E-18,0.60069877
NFATC4,3.8088E-16,0.600622816
LRIG1,3.42386E-15,0.600360778
FDX1,1.00957E-08,0.600159502
FKBP7,1.95767E-14,0.600136716
NINJ1,1.38204E-05,0.600028482
SMOC2,1.31308E-13,0.599931642
SLC39A8,4.18025E-15,0.599840498
PDGFRA,2.84242E-17,0.599783533
BRI3,4.67036E-07,0.599734164
ETFA,4.84992E-08,0.599711378
NDUFS4,1.5292E-07,0.59938288
MCOLN3,2.31423E-19,0.599198694
BDH2,1.40923E-12,0.599153122
CYP7B1,6.26931E-16,0.598873994
MRPL51,1.44174E-07,0.598769558
SDF2,6.01887E-08,0.598397387
RASSF5,3.61217E-16,0.598363208
ADARB1,1.76677E-16,0.598302446
MGAT1,9.02222E-07,0.598209403
AKR1B1,1.03801E-14,0.598142944
PBX1,9.87556E-17,0.5980518
STEAP4,8.38958E-13,0.597964454
CCDC107,4.72126E-07,0.597818244
ZBTB20,2.07327E-11,0.597816345
STON1,1.81845E-14,0.597683427
NQO2,3.33171E-14,0.597666338
MARCKS,4.16862E-09,0.597588485
MXI1,2.34891E-09,0.597415692
ADPRHL1,2.55941E-17,0.597334042
NHP2,1.37508E-07,0.597303661
CSF1,4.26569E-11,0.597216315
CD302,1.01877E-15,0.59712707
NIFK,3.69739E-10,0.596743506
MZT2B,1.94019E-07,0.596728315
CHCHD2,0.000227359,0.596650463
DDOST,1.02843E-06,0.596456783
PIH1D1,1.06274E-07,0.596308674
AGTRAP,6.57444E-11,0.596137779
P4HA1,1.2977E-07,0.596080814
AP1S2,6.03759E-08,0.595955491
KDM5B,8.62684E-10,0.595902324
RNF115,4.19548E-09,0.595887134
SLC44A1,4.10466E-14,0.595837764
NRBF2,1.83615E-12,0.595712441
TCN2,1.48621E-13,0.595670667
QSOX1,3.87288E-13,0.595590916
SLPI,2.39194E-16,0.595473189
CRTAP,2.57415E-08,0.595433313
ST3GAL4,3.74938E-14,0.595427617
SERINC3,3.5247E-08,0.595416224
SMPDL3A,9.41849E-15,0.594988987
BDKRB2,1.79473E-07,0.594933921
ITGBL1,5.2785E-17,0.594880753
CLN8,1.58013E-06,0.594664287
CKB,9.95141E-14,0.594417439
ITGA1,4.57218E-12,0.59438326
TMEM230,5.91868E-07,0.594379462
NT5E,9.983E-14,0.594151603
ALCAM,1.33445E-13,0.594030077
MRPL3,2.73857E-12,0.594003494
MDH2,1.04857E-06,0.593980708
IL11RA,1.31471E-17,0.593602841
PYGL,3.68169E-14,0.593559168
EMX2,3.01315E-17,0.593433845
SLC19A2,4.70501E-16,0.593430047
DKK3,3.03317E-10,0.593251557
DPYSL2,8.21923E-13,0.593092055
RSPO3,1.8592E-17,0.592883184
SCARB2,1.70475E-07,0.592811028
MMADHC,1.93246E-08,0.592803433
TGFBR3,8.46964E-10,0.592757861
FAM20C,4.36997E-17,0.592689503
MXRA5,8.37044E-18,0.592621145
PGM3,1.77058E-11,0.5923705
COL27A1,6.02797E-15,0.592332523
ADGRE5,1.36838E-14,0.592233784
BIRC2,2.66098E-07,0.59207808
SEC61A1,1.39234E-09,0.592070485
GALNT16,1.49209E-15,0.591797053
BAD,1.45745E-07,0.591591979
NGF,7.73256E-16,0.591576789
KIAA0930,2.47785E-15,0.591531217
IL34,1.32922E-13,0.591098283
SLC25A36,8.77008E-09,0.591052712
NFKBIZ,7.10579E-05,0.591018533
TMEM14C,2.4628E-05,0.590988151
IFI6,2.55784E-06,0.59092549
NPC2,0.000632989,0.590671047
RECK,6.66574E-13,0.590596992
DECR1,1.73201E-08,0.590543825
RBMS1,2.81135E-06,0.590509646
NID1,8.80002E-13,0.590483062
MFAP2,7.08691E-17,0.590409008
EMC3,2.52446E-06,0.590012153
EIF4G2,8.44869E-05,0.589776698
PAMR1,3.66167E-16,0.589715935
STMN2,2.02805E-17,0.589489974
CDK4,2.46E-06,0.589488075
CNOT8,6.3741E-09,0.589381741
TOMM7,0.000941572,0.58925262
MMP24-AS1,2.46236E-08,0.589117803
NDN,3.14529E-11,0.589079827
HDDC2,1.9883E-09,0.588804496
LARP6,2.62628E-07,0.588724746
YAP1,1.55242E-11,0.588720948
TMEM14B,3.08738E-07,0.588637399
SNX3,0.001681834,0.588489291
RSRP1,9.17288E-05,0.58840954
SPG21,6.52138E-09,0.588325991
UGDH,1.26522E-11,0.588299408
PLPP1,2.86052E-06,0.588223454
TAX1BP1,0.000120019,0.588200668
MRPS21,5.28812E-05,0.588160793
TUBA1C,1.71818E-06,0.588151299
UNC50,3.36742E-07,0.587946225
MYC,2.88218E-05,0.587437339
OGN,4.26683E-15,0.587357588
SLC11A2,2.48201E-11,0.587338599
C14orf132,9.79645E-13,0.587152514
DUSP4,8.01229E-14,0.587120234
FNBP1,6.83561E-09,0.587027191
NDUFA4,0.001019659,0.587008203
PGM1,1.73946E-09,0.586974024
GLT8D1,6.58377E-10,0.586571472
ARFGEF3,1.17317E-15,0.586370196
ATP6V0E1,0.00386406,0.586212593
HSPG2,1.41048E-05,0.586189807
PGLS,1.81156E-08,0.58615183
MEIS2,1.04896E-11,0.586096764
RABAC1,0.002119255,0.586085371
GLG1,4.24597E-10,0.586013216
GLT8D2,5.61002E-13,0.585901185
RNF114,0.000831467,0.585851815
FOXO3,5.80184E-06,0.585840422
C4orf3,0.003463989,0.58581194
SAR1A,4.48561E-05,0.585566991
TALDO1,1.12937E-05,0.585527115
PSMG2,3.46464E-05,0.585523318
RNF146,2.53581E-06,0.585485341
FEZ1,1.15958E-13,0.585458757
BIN1,1.05788E-08,0.585371411
CD70,8.2836E-15,0.58527647
MOXD1,1.19282E-14,0.58487012
OLFML2B,6.5164E-15,0.584860626
ELANE,1.29507E-15,0.584835941
ABCA5,5.45821E-08,0.58478847
KAZN,1.787E-12,0.584714416
AKR7A2,3.9424E-10,0.584615677
SMIM20,5.15385E-11,0.58460998
FYN,3.11387E-07,0.584596688
ATXN10,6.42758E-09,0.584589093
EIF4E2,6.98678E-06,0.584570105
MMP27,8.34742E-16,0.584566307
LAMTOR4,0.000157034,0.584494152
PFKFB3,2.87004E-05,0.584387817
BST2,0.001658886,0.584380222
HSD11B1,1.59655E-15,0.584253
SDHD,0.00029045,0.584205529
AGA,1.29039E-13,0.584089701
RNF217,1.12437E-13,0.583935895
CHIC2,0.001120159,0.583915008
MLEC,6.33851E-10,0.58366816
GRIA3,2.26623E-16,0.58362069
TWIST1,1.50187E-12,0.583510557
COPE,0.001101151,0.583244721
TFDP2,2.27207E-13,0.583104208
TMCO1,2.03591E-05,0.583104208
DYNLT1,3.89682E-05,0.583070029
NMI,1.89954E-09,0.583024457
FKBP11,6.05512E-07,0.582967492
C16orf45,2.11875E-07,0.58267887
APCDD1,6.22419E-10,0.582587726
PTP4A1,8.26874E-06,0.582549749
ATOH8,5.51648E-09,0.582523166
TCTN1,2.25032E-14,0.582466201
LUCAT1,4.11354E-11,0.582428224
TCTN3,1.62789E-09,0.582420629
ATPIF1,5.07352E-05,0.582390248
ID1,0.001885085,0.582299104
AC013461.1,1.26533E-07,0.582234544
ARRDC3,0.000618269,0.582215555
GAS7,5.74041E-14,0.582101625
EEA1,3.0676E-08,0.582063649
FAM114A1,1.31154E-06,0.581930731
ARMCX1,1.63735E-05,0.581911742
CCNI,0.011626608,0.581869968
ATP6V1F,0.006207186,0.581862373
NKD2,8.165E-11,0.581729455
CPED1,1.44338E-13,0.581714264
RPN1,0.000296097,0.581581346
ESYT2,4.97686E-08,0.581564256
CNPY2,1.06201E-06,0.581535774
OXTR,7.75484E-15,0.581497797
HSPE1,0.000533878,0.581353486
NR4A1,0.002285209,0.581199681
COPZ2,2.98242E-13,0.581197782
KLF3,0.000203035,0.58113702
ROR2,2.25677E-14,0.581068662
HSBP1,0.000699713,0.581021191
SNED1,7.47911E-12,0.580899666
ATP5H,0.000822835,0.580874981
ACP1,0.000105678,0.580726872
DNAJB9,0.001012874,0.580563573
FARP1,1.30766E-09,0.580559775
IPO5,1.29036E-08,0.580312927
ERP29,0.000398346,0.580305332
CHMP4B,0.010048547,0.580073675
TPRA1,5.17455E-07,0.580012912
SGCG,8.64021E-15,0.579914173
KIAA0226L,4.85119E-15,0.579758469
SNX8,1.1125E-08,0.579750873
NUCKS1,0.006573962,0.579747076
C1QTNF2,2.01516E-13,0.57967492
RABGEF1,1.43259E-12,0.57965973
DGUOK,0.000124446,0.579505924
UBE2I,0.002647005,0.57920401
TNFAIP8,0.003394102,0.579088182
ABHD14A,1.38389E-11,0.578964758
SRRM2,0.000969395,0.578919186
ARL1,7.32751E-06,0.578888804
SNX21,2.28374E-12,0.578788166
PPP1CC,0.000440259,0.578714112
ACAA2,2.758E-11,0.578651451
BAG1,0.000258893,0.578638159
TXNDC15,2.48274E-06,0.578505241
PRKCDBP,4.5248E-05,0.578497645
LARP1,8.35074E-07,0.578455871
NDUFB10,0.000389879,0.578300167
P3H1,9.47197E-12,0.578267887
POLR2H,0.000562897,0.578226113
HIST1H4C,1.19142E-07,0.578205226
COMT,0.000180701,0.578163451
TGOLN2,4.94362E-07,0.578013444
ATP5G1,0.000285774,0.577950782
DPCD,4.43075E-10,0.57784065
IFNGR1,0.013873326,0.577798876
HMGN2,2.05409E-06,0.577732417
GLUD1,1.70807E-06,0.577654565
GUK1,0.032950387,0.57750076
ATP2A2,4.45602E-07,0.577373538
TXLNG,1.72455E-07,0.577358347
TPR,0.000966982,0.577343157
NFIL3,2.0823E-05,0.577278596
SNHG18,2.05265E-13,0.577248215
EBNA1BP2,6.58257E-08,0.577168464
CD14,3.54404E-10,0.57712669
BOC,4.71268E-14,0.577024153
LSAMP,4.76298E-14,0.57701276
PPP3CC,1.80806E-05,0.576993772
BTG3,0.019530713,0.576885539
POLR2F,0.001361671,0.576503874
SEMA3B,5.43213E-12,0.576492481
NTN1,5.7115E-14,0.576450706
ABCA6,3.09241E-13,0.576446909
TAPBPL,1.96375E-09,0.576443111
ZKSCAN1,5.03264E-08,0.576439313
IDH3G,6.81251E-05,0.576416527
LRRC2,3.41851E-13,0.576336777
SEC11A,0.010937158,0.5762988
SH3PXD2B,1.21464E-06,0.576293103
NPM3,1.70688E-07,0.576272216
ATP5O,0.015885955,0.576257026
SSC5D,8.0621E-13,0.576076637
NOTCH2,4.36946E-13,0.576067143
LIF,5.26482E-10,0.57605575
RWDD4,5.59071E-10,0.575972201
POR,4.36308E-05,0.575919034
GINM1,9.69985E-05,0.575869664
JHDM1D-AS1,1.40397E-11,0.575656995
OCIAD1,0.000520522,0.57561712
PTGFR,1.10611E-13,0.575383564
RRAGA,0.001895254,0.575284825
VDAC3,0.000200169,0.575170895
AIFM2,1.37239E-10,0.575144311
DARS,3.11959E-05,0.575127222
ZMYM6NB,6.1588E-05,0.575094942
BAIAP2,7.75066E-07,0.574969619
HM13,0.001466936,0.574952529
LAMA2,6.07098E-14,0.574874677
ECHS1,3.41129E-07,0.57485379
CTSA,2.54088E-06,0.574844296
BMP1,7.26204E-11,0.574810117
DENND5A,1.87193E-06,0.574806319
PTRF,0.032575639,0.574684794
TP53I13,1.88875E-08,0.574635425
PRCP,0.000210869,0.57452909
ENO2,2.06117E-05,0.574519596
APRT,0.005704338,0.574515798
TMED5,3.87838E-05,0.574506304
COMMD1,5.40167E-05,0.574468328
SLC39A6,3.70382E-11,0.57446453
NFKBIE,0.000401264,0.574289837
SMIM19,6.65751E-08,0.574120842
COL4A3BP,1.10746E-07,0.574101853
RSL1D1,0.033192921,0.574029698
DNAJC25,4.05415E-07,0.573989822
MPG,0.000886573,0.573948048
LHFPL2,2.91103E-06,0.573932857
TIMM13,0.001462511,0.573923363
RNMT,5.94798E-06,0.573906274
CUEDC2,2.34749E-06,0.573710694
H3F3B,0.095837405,0.573602461
PABPC4,1.14748E-05,0.573577776
USP47,0.000140392,0.573549294
COA4,2.34749E-06,0.573545496
DDR2,8.6479E-09,0.57352271
UBAC2,1.62845E-07,0.573446757
PREX1,1.13039E-11,0.573374601
MANBAL,2.11704E-08,0.57332713
CXCL2,0.040948088,0.573196111
MRPL23,2.60918E-05,0.573063193
CAST,0.034379966,0.573040407
NOB1,0.000586964,0.572892298
RAB20,1.24055E-07,0.572884703
EMILIN1,2.2155E-12,0.572865715
DCTN3,7.67326E-05,0.57279166
SLC6A6,6.00317E-11,0.572637855
GRHPR,2.10076E-06,0.572578991
CRLS1,3.70156E-07,0.572430883
TFG,0.015991093,0.572307459
SRM,7.06237E-05,0.572244797
CLEC2B,0.016920869,0.572193529
ETHE1,0.002345475,0.572049218
RPL22L1,0.004243966,0.572026432
GAA,7.89761E-10,0.571990354
EPHX1,0.000607332,0.571946681
EIF1B,0.019556688,0.571946681
ACO1,2.90752E-11,0.571933389
SIL1,2.32227E-07,0.57162388
STC2,0.001085342,0.571470074
TMED2,0.043713147,0.57144539
C11orf31,0.031279965,0.571422604
GYS1,1.72326E-10,0.57133146
KDELR3,1.36964E-08,0.57113588
CNIH4,0.006150284,0.571044736
TCEA1,0.001224303,0.570949795
CHMP2A,0.014430095,0.570936503
ECI2,4.89783E-06,0.570777001
COX7A1,0.008593741,0.570733328
HSD17B10,0.00109341,0.570716239
IFNGR2,0.059671765,0.570685858
LINC00152,3.88621E-06,0.570537749
OSR1,6.60324E-13,0.570490278
OGFRL1,3.62466E-10,0.570397235
WDR45,0.000382067,0.570273811
HOXC9,2.47985E-10,0.570268115
CD248,1.72873E-12,0.570237734
BTF3L4,0.000768181,0.570233936
MRPS5,0.000288158,0.570192162
CADM3,1.9758E-11,0.570055446
TMEM43,0.0001182,0.570042154
CCDC47,0.055535611,0.570021267
PTK7,2.41847E-10,0.569992784
CLNS1A,3.02453E-05,0.56991873
LDHA,0.214787898,0.569846575
XIST,0.015971833,0.569766824
EEF2,0.218290929,0.569725049
DBI,0.086016048,0.569637703
SLC29A1,4.83195E-05,0.569633906
SLC25A28,8.80285E-10,0.569556053
C11orf24,2.88184E-10,0.569466808
H2AFJ,0.010491088,0.569316801
KRCC1,2.93801E-08,0.56926933
DDX17,0.012371679,0.569208568
PABPN1,6.53482E-05,0.569109828
DOK5,7.37128E-12,0.569045268
GMNN,8.46361E-09,0.569018684
FAM126A,5.84321E-08,0.56896172
ALDH1A1,7.14984E-11,0.568900957
PKM,0.204172276,0.568874373
ABCA8,1.71875E-11,0.568825004
KREMEN1,6.54984E-08,0.568787027
COMMD3,8.42858E-06,0.568711074
VTI1B,1.98492E-05,0.568654109
MTDH,0.059549795,0.568585751
ALDH3A2,5.85188E-10,0.568581954
PHLDB2,0.003116599,0.568532584
PSMB7,0.066106025,0.568468024
PHB,0.009422466,0.568331308
CIB1,0.000432596,0.56826295
ERH,0.086694558,0.568152818
STUB1,0.002648571,0.568126234
CDH11,1.07409E-09,0.568114841
PA2G4,0.053287837,0.568054079
DAP3,9.24022E-05,0.567923059
ANXA7,0.066003907,0.567902172
COPS6,0.003210379,0.567837612
FAM96B,0.09685541,0.567826219
STAT1,3.29962E-11,0.567742671
PSMB1,0.247914318,0.567681908
PAICS,1.94657E-06,0.567571776
IGFBP3,2.8565E-05,0.567436959
FAM46A,0.001041586,0.567355309
DTWD1,9.88845E-07,0.56732113
USP11,4.86892E-08,0.567277457
SH3KBP1,1.70752E-06,0.567203403
CILP,3.90891E-11,0.567199605
SCAF11,0.037340235,0.567163527
FIBIN,3.74272E-12,0.567148337
GPX7,5.40586E-10,0.567127449
PRDM2,2.24377E-06,0.567123652
SLC2A1,0.003323501,0.567108461
SRI,0.137410099,0.567095169
RRAGD,4.33833E-11,0.567081878
RGS6,4.70662E-11,0.566990734
EGFR,4.80073E-11,0.566967948
DKK2,4.91667E-12,0.566863512
TGFB3,3.03923E-10,0.566861613
GPRC5A,3.96236E-08,0.566816041
GLIPR2,4.0033E-08,0.566800851
SOSTDC1,2.14693E-11,0.566787559
PPIL4,0.001184785,0.566692617
ZBTB16,0.003271702,0.566603372
MEGF6,3.23615E-09,0.566398299
AHSA1,0.001888481,0.566386906
HSPA9,0.045985004,0.566348929
NEK6,2.74169E-09,0.56631475
UBE2V2,0.005368359,0.566242595
DDX41,4.21635E-06,0.566187528
POLD2,1.41213E-05,0.566157147
STMN3,1.9951E-09,0.566119171
GNL3,0.069356591,0.566048914
NBN,6.8219E-07,0.566009038
CTNNBL1,1.52859E-05,0.566005241
CCPG1,0.006015847,0.56599005
SUGT1,0.004329672,0.565984354
STAU1,0.007996979,0.565974859
LOXL1,9.48699E-11,0.565847638
TAX1BP3,0.00026412,0.565822953
TP53RK,0.000127503,0.565788774
GLB1,6.51776E-09,0.565773583
SNRPE,0.043798217,0.565726113
DLL1,3.57708E-10,0.565680541
MSRB2,2.66983E-07,0.565672945
ARL6IP4,0.214787898,0.565669148
TSEN34,7.59745E-07,0.565612183
TRABD2B,4.75439E-11,0.56555142
TUSC3,3.94195E-07,0.565530533
COPA,0.000319582,0.565513444
SEC61B,0.349056532,0.565312168
SRPRB,2.85547E-06,0.565291281
BCL6,0.001576711,0.565287483
PPP1R21,8.94876E-10,0.565234316
NFIC,0.046320102,0.565133678
MZT2A,1.53973E-05,0.565103296
MEST,1.35467E-10,0.565095701
CDKN2C,2.85701E-07,0.565093802
PLOD3,3.06804E-07,0.56498367
SMAD5,5.78843E-08,0.564968479
SURF4,0.004941046,0.564955188
NDUFA2,0.046443279,0.56495139
A4GALT,0.135452805,0.564936199
SMPD1,8.14275E-09,0.564896324
PCBD1,3.19957E-06,0.56488683
SLC39A7,0.001686389,0.564780495
NGLY1,0.001104404,0.564738721
METTL9,0.042729093,0.564731126
SRSF9,0.132262633,0.564689351
RP11-736N17.10,6.26831E-12,0.564655172
TMEM87A,4.74763E-05,0.564620993
FAM204A,0.000147063,0.564600106
OGFOD3,7.73398E-08,0.564550737
UQCRFS1,0.056792968,0.564440605
MRGPRF,7.81346E-09,0.564362753
DCAF6,7.35802E-06,0.564218441
TMED4,3.31402E-06,0.564208947
HES1,0.036706173,0.564157679
ATP6V1B2,0.00086459,0.564028558
SEC13,0.005831932,0.564013368
HSPB7,3.36257E-06,0.563975391
ADGRA2,1.06976E-08,0.563948808
UBE2J1,0.025270922,0.563785508
CORIN,1.2261E-10,0.56378171
MGEA5,0.000740003,0.56378171
OSGIN2,1.02864E-08,0.563705757
CBR1,3.05264E-08,0.563694364
LINC01615,1.04627E-08,0.563682971
NCOR2,3.23055E-05,0.563675376
GLDN,2.44054E-11,0.563646894
IER3IP1,0.036996715,0.563344979
RUVBL2,6.19716E-05,0.56324624
ZRANB2,0.001313361,0.563227252
CMPK1,0.095520513,0.563225353
B4GALT1,4.3058E-06,0.563136108
SMARCA2,6.3184E-06,0.563092435
SRP14,0.83791912,0.563018381
TRAPPC5,4.05963E-05,0.562881665
SP5,3.84798E-11,0.562782926
SMAD7,9.35056E-06,0.562604436
PHB2,0.004889203,0.562539875
PRR13,0.017034438,0.562492405
SUCLG1,0.002212067,0.562486708
AGTR1,1.13271E-07,0.562416451
CFB,4.29568E-09,0.56235379
GHITM,0.27929634,0.562338599
GCC2,0.013082211,0.562274039
CRYL1,4.0068E-06,0.562196187
HADHA,0.024299868,0.562114537
FAM150B,5.68396E-10,0.562065168
SEC31A,0.00156396,0.562059471
POLR2L,0.56617778,0.561956935
FNDC3B,0.040376356,0.561943643
NDUFA1,0.371498079,0.561913261
RDH14,0.000407275,0.561757557
TMEM167A,0.001001831,0.56175376
SRP72,0.084343018,0.561719581
LSS,8.99595E-08,0.561647425
CIRBP,0.96742126,0.561647425
ATP5J,0.479226194,0.561550585
DPM1,0.100380606,0.561468935
PGAM1,0.689591981,0.56144425
CLTA,0.681371488,0.561362601
PARL,3.52089E-05,0.561339815
BDKRB1,0.00131267,0.561225885
RP11-536I6.2,3.84798E-11,0.561206897
CH25H,6.50811E-09,0.561203099
NFATC2,0.000459017,0.561199301
LSM7,0.265710585,0.560868905
SEPT9,0.00020051,0.560842321
CYB5A,0.130900424,0.560830928
STAT3,0.936743967,0.560754975
C1orf122,9.21879E-05,0.560739784
BEND5,1.56569E-05,0.560682819
GABARAP,0.907443014,0.560667629
RPN2,0.118991716,0.560658135
TOM1,0.001142276,0.560637247
CSGALNACT2,3.15217E-06,0.560595473
CSNK1E,0.02863478,0.560546104
LDLRAD4,9.75891E-07,0.560542306
ZEB2,0.001410239,0.560530913
SUCLA2,3.00543E-05,0.560492936
CCT7,0.123465389,0.560399894
IL10RB,1.26332E-06,0.560392298
AZIN1,0.001763961,0.560371411
CANX,0.277863847,0.560348625
AUP1,0.172567354,0.560325839
IMPAD1,2.44417E-06,0.560316345
TOMM40,0.00022533,0.560105575
FBL,0.76409345,0.560061902
ACADVL,0.652558229,0.56004861
TMX1,0.003228679,0.559974556
RSPO1,1.85031E-10,0.559970758
RHOQ,1.4524E-06,0.55993468
PFN2,8.01557E-10,0.559887209
RTF1,0.016589801,0.559835941
PROS1,4.51E-06,0.559786571
P3H3,8.78963E-10,0.559784673
TMEM165,0.767461494,0.559769482
CLDN11,2.98627E-06,0.55975619
CCDC53,4.50249E-05,0.559748595
DNPEP,0.000877279,0.559731505
RGS2,0.005341734,0.559710618
RTN4,1,0.559665046
ZNF385A,8.11211E-09,0.559630867
ANKRD12,0.336184377,0.559623272
SLC16A1,3.01361E-08,0.559592891
SDHC,0.053450107,0.559456175
PER1,0.010832425,0.559391615
DNPH1,7.68514E-06,0.559359335
PSMB10,0.000639386,0.559271988
ENTPD1,0.003085111,0.559232113
NDUFC2,0.308474596,0.559209327
VCAM1,1.0423E-07,0.55917135
NDUFB8,0.731973365,0.559129576
GTF3A,0.03864502,0.559101094
PDAP1,0.034012078,0.559087802
EGLN1,0.076198858,0.559038432
IL6ST,0.23961866,0.559019444
H1FX,0.000931818,0.559017545
GJA1,0.002890183,0.559017545
CIR1,0.000783923,0.558966277
RORA,0.081704728,0.558935895
LOXL2,0.004127418,0.558858043
SF3B2,0.224348077,0.558823864
APOL1,1.77086E-07,0.558738417
SNRPD2,1,0.558713732
RAB33A,3.37016E-07,0.558692845
NSMCE1,0.000738878,0.558651071
SRA1,0.053996095,0.558649172
NPTN,0.098666566,0.558540939
SLC7A5,0.000442882,0.558518153
C1GALT1,7.5145E-06,0.558499165
BLOC1S4,0.00072265,0.558396628
TMEM189,0.001007721,0.558396628
USP53,0.000178404,0.558381437
RP11-14N7.2,7.64409E-09,0.558362449
PIK3R1,2.91975E-06,0.558358651
VMP1,0.465735124,0.558339663
APOA1BP,0.000406257,0.55821434
LTBP3,1.74999E-05,0.558191554
TMEM208,0.050017607,0.558183959
LMAN2,0.489715098,0.558108005
ARL4D,1.03465E-08,0.558001671
UTP6,2.8565E-05,0.557975087
EI24,0.003994725,0.557950403
CALM3,0.011085327,0.557948504
KIF1B,0.001576711,0.557940908
B4GALT5,2.3964E-06,0.557929515
CCDC109B,0.016391513,0.557910527
ZBED1,1.86524E-05,0.557864955
ZNF428,0.002729648,0.557863056
TSPAN8,2.65439E-09,0.55782508
LINC00960,2.25339E-06,0.557773811
FAM92A1,3.77181E-08,0.557739632
ENPP2,0.026143936,0.557732037
ZNF720,5.15253E-06,0.557709251
MT-ND1,1,0.55769406
JARID2,2.01366E-06,0.557692162
C5orf38,6.14104E-09,0.557583928
ZNF395,0.001967979,0.557555446
KDELC2,4.76669E-08,0.557447213
ARL5A,0.06121935,0.557426325
SLC1A3,1.27317E-08,0.557414932
PEAK1,0.000118426,0.557356069
SCAND1,0.25845798,0.557356069
PLIN3,0.000790817,0.557266824
NOP16,0.001298295,0.557226948
CD276,6.07076E-06,0.557211758
ANXA6,0.003649155,0.557145298
MPHOSPH8,0.111985018,0.557037065
NGFRAP1,0.037866728,0.556987696
TFPI2,3.13058E-05,0.556970606
DUT,0.155486867,0.556926933
VIT,3.65409E-10,0.556896552
THOC7,0.002384794,0.556820599
SFRP4,2.10639E-09,0.556604132
TAPBP,0.124989302,0.556569953
CD82,0.000198412,0.556554762
RELT,2.42512E-05,0.556545268
NBPF19,1.12443E-08,0.556528179
MRFAP1,1,0.556501595
PDCD4,0.000252151,0.55644463
EGR1,0.001967979,0.556414249
ATP13A3,0.002228975,0.556414249
NME3,0.025921803,0.556387665
AVPI1,2.27328E-07,0.556351587
RBCK1,0.003889468,0.556192086
SNRPD3,0.122399817,0.555842701
XRCC6,1,0.555688896
COX7A2L,1,0.555609145
PHF21A,0.000206391,0.555542686
MRPL37,0.000160701,0.555442048
TPGS2,2.12707E-05,0.555417363
MESDC1,8.89873E-06,0.555404071
NEDD8,1,0.555404071
SH3BP4,0.000306209,0.555331916
ATP5L,1,0.55521039
POLR2E,0.08980322,0.555166717
ACYP1,0.000339983,0.555126842
SSBP1,0.155172576,0.555126842
ETFB,0.006446752,0.555077472
STOML2,0.123787711,0.555037597
PQLC3,3.07872E-06,0.554976834
CD68,0.000251296,0.554974935
PXDN,0.057604009,0.554940756
TAF12,0.001410239,0.554891387
FAM49A,7.18233E-05,0.554879994
HELZ2,2.57938E-05,0.554872399
CHST12,0.001777404,0.554845815
ECHDC2,5.81808E-07,0.554804041
MRPL18,0.477016568,0.55478885
SRP9,1,0.554777457
ETF1,0.046423028,0.55475657
C7orf73,0.002020813,0.554709099
UBL3,0.001428448,0.554703403
TXNDC17,0.026809113,0.554621753
TACC1,0.651596847,0.554591372
SH3GL1,0.01531003,0.554587574
ARHGEF10,0.000124579,0.554519216
MINOS1,0.738799424,0.554488835
NDUFB9,0.891751053,0.554471745
MTCH2,0.00855106,0.554374905
MRPS24,0.529294704,0.55433503
DCLK1,7.26116E-08,0.554314142
GAS1,1.39568E-09,0.554310345
HEBP1,0.134197056,0.554274267
MXRA7,6.46949E-05,0.554207808
ATP5C1,1,0.554200213
MT-ATP8,1,0.554141349
DDX1,0.004872523,0.554131855
EMC4,0.413397789,0.55404261
ENOSF1,1.13572E-05,0.554038812
C1QTNF7,4.15648E-09,0.55396096
DRG1,0.003649155,0.553953365
C4orf47,1.94599E-05,0.553922983
MRPL22,0.192612007,0.553922983
UPF3B,0.007087062,0.553915388
BAX,0.226463969,0.553913489
NDUFV1,0.137690574,0.553862221
EAPP,0.05474119,0.553856524
JOSD2,0.0002235,0.553845131
ZNHIT1,0.396371651,0.553801458
C15orf61,0.001923256,0.553727404
ARF4,1,0.553660945
MAGED1,1.78614E-05,0.553577396
HMGCL,0.000208508,0.553577396
PDIA4,0.003357041,0.55355461
PSMA1,1,0.553524229
TMEM243,0.147244956,0.553465365
C1QBP,1,0.553465365
C19orf70,0.10195319,0.553455871
AHI1,0.005803746,0.553433085
MBD4,0.00151608,0.553271685
SERTAD2,0.003818642,0.553258393
NPAS2,5.89026E-08,0.55319763
PANX1,0.000210388,0.553157755
C9orf72,0.001178511,0.553131171
IRF1,1,0.553049521
PAX1,1.37196E-08,0.553045724
HADHB,0.466685169,0.55301914
RAB21,0.130330177,0.552895716
FNIP1,0.022592967,0.552833055
TCEAL8,0.10041094,0.552791281
HDGF,0.062060349,0.55277609
NFIA,0.007740159,0.552741911
IL6R,0.001680719,0.552719125
GPX8,6.65751E-08,0.552703934
VAMP5,0.668467833,0.552607094
ABCC1,4.48043E-05,0.552578612
HS3ST2,9.7219E-06,0.552487468
EIF3F,1,0.552373538
TMEM9,2.80405E-06,0.552362145
TXN,1,0.55225581
CRY2,1.69555E-05,0.552164667
AK3,0.039444827,0.552105803
HSPA1A,0.60943027,0.552096309
TMF1,0.21933607,0.552084916
MED10,0.383327592,0.552083017
MLLT1,7.56678E-06,0.552058332
CALCOCO1,0.001304696,0.552050737
NUDT22,0.000481587,0.552003266
ANKRD28,0.457977496,0.551912122
TM2D1,0.028338671,0.551864651
SH3D19,6.06416E-05,0.551843764
ECHDC1,0.000540407,0.551783002
BCOR,0.000264175,0.551716543
MAGEH1,0.000751181,0.551716543
NKAP,0.01081508,0.551644387
RPL7L1,0.158620231,0.551614006
SESTD1,0.002402693,0.551612107
NMRAL1,0.000120019,0.551608309
RP11-426C22.5,8.38669E-07,0.551585523
GNG12,0.833818128,0.551560839
SQRDL,0.727186858,0.551534255
TMEM179B,0.489494502,0.551513368
LAMTOR5,1,0.551486784
DNASE2,1.16899E-05,0.551420325
TP53BP2,0.003563346,0.551401337
TBC1D12,0.000204093,0.551340574
CASC4,5.03802E-06,0.551257026
UBE2L3,1,0.551238037
UQCRQ,1,0.551158286
AFF4,0.407331834,0.55115259
ST13,1,0.551146894
ANKH,0.0020662,0.551086131
TPP1,0.000521399,0.551067143
RARRES3,5.50652E-05,0.55105575
COPS2,0.931303716,0.551029166
PPME1,5.71371E-05,0.550994987
SLC1A2,8.99406E-08,0.550936123
FUNDC2,1,0.55090954
TMEM47,0.000631359,0.550903843
THAP2,5.33643E-06,0.55089245
COX5B,1,0.550865867
SRSF5,1,0.550862069
FBXO18,0.002791064,0.550789913
CCDC93,0.000285919,0.550736746
EMG1,0.272960543,0.550687377
SNX33,9.21503E-05,0.550685478
CDIPT,0.098032847,0.550670287
EMD,0.144919783,0.550664591
NDFIP2,0.00098297,0.550622816
DNAJA2,0.180220608,0.550586739
EXOSC7,0.043394307,0.550581042
ZNF770,0.000151872,0.55053547
ZNF330,0.088342381,0.550482303
JUND,0.435703743,0.550402552
LDHB,1,0.550396856
ZNF667-AS1,0.023713284,0.550347486
MYLIP,0.396289715,0.550326599
KCTD9,0.003269501,0.550279128
UBR4,0.016084879,0.550252544
GANAB,0.000477154,0.550224062
RNASEH2C,0.943356124,0.550201276
ANAPC11,1,0.550168996
PRKAG1,0.001956832,0.550148109
CHMP2B,0.509683412,0.550140513
HIVEP2,0.062664618,0.55009684
FOSB,0.049922849,0.550072156
PSMD4,1,0.549981012
COPS4,0.000215796,0.549931642
TMEM159,0.000324595,0.54987088
CYC1,1,0.549741759
FNDC4,2.55458E-05,0.549726568
FGF2,3.63242E-08,0.549694288
ARL3,0.333938832,0.549652514
PTOV1,0.064060831,0.549582257
LMO4,0.000949261,0.549534787
PSEN1,0.002421343,0.54952909
NMB,0.000860104,0.549525292
BCL2L11,0.000147234,0.549443643
DNAJC8,1,0.549384779
ERI3,0.004626542,0.549361993
BLVRA,0.008553823,0.549278444
UCHL1,2.13061E-07,0.549219581
MRPS22,0.123787711,0.549130336
BLOC1S1,0.043923815,0.549099954
GOLGA4,1,0.549094258
MTHFD1L,0.002828521,0.549031597
EEF1A1,1,0.548968935
WBSCR22,0.526965274,0.548862601
PRDX1,1,0.548684111
NDUFB1,0.416615907,0.548672718
EIF3H,1,0.548642336
MEF2D,0.001823408,0.548638539
HP1BP3,0.149500914,0.548625247
SF3B1,1,0.548475239
KDM7A,0.582929461,0.548404983
RRBP1,1,0.54832713
MRPL57,0.102341649,0.548321434
HMGB2,1,0.548317636
DNAJB1,0.458728884,0.548245481
ALG5,0.03826237,0.548196111
CASP4,0.735023495,0.54814864
WLS,0.001757765,0.548139146
RWDD1,1,0.548078384
FAM127A,0.50688577,0.548029014
MAP2K1,1,0.548025216
TRAF3IP2,0.293392497,0.547964454
DIO2,1.80852E-07,0.547934073
GRSF1,0.145034317,0.547896096
RBM7,1,0.547892298
TXNL4A,0.009768578,0.547877108
EVA1B,0.000547289,0.547861917
PIK3IP1,0.185361196,0.547858119
TNFRSF1A,1,0.547812547
MFHAS1,1.46379E-05,0.547761279
MED28,1,0.547736594
CLPTM1,0.00323658,0.547668236
AK4,0.073546046,0.547668236
TM9SF3,0.298927287,0.547632159
FKBP14,3.29418E-06,0.547603676
CHD3,1.1028E-05,0.547561902
MAD2L2,0.06114499,0.547447972
HNRNPU,1,0.54743468
NSMCE3,0.006055535,0.547425186
LSM3,0.188351697,0.5474024
RAB4A,0.027446122,0.547398602
LYST,0.089606192,0.547349233
RNH1,1,0.547254291
STX8,0.075882681,0.547220112
CNPY4,1.76639E-05,0.547208719
NUB1,0.002323126,0.547204922
C1GALT1C1,0.003126145,0.547184035
ATP5D,1,0.547182136
MRPL41,1,0.54717454
PARVA,0.052272762,0.547113778
MKRN1,0.045392043,0.547089093
ALDH9A1,0.008324501,0.547083397
HSD17B12,0.378922222,0.547005545
TRIP10,1,0.546950479
ARL8B,0.0886644,0.546904907
SFSWAP,0.033870607,0.546882121
HSPA1B,0.46842303,0.546855537
UQCC2,0.090226345,0.546851739
MT1G,4.72968E-06,0.546821358
SFRP1,7.50535E-07,0.54668844
PLEKHM2,0.008123616,0.546627677
AATF,0.014855705,0.546604891
ATP6V1C1,0.066630073,0.546576409
YWHAB,1,0.546553623
ARSA,6.20491E-05,0.546528938
TCEAL4,1,0.546521343
RCN2,0.157947267,0.546451086
NIT2,0.005469136,0.546407413
PET100,0.024483621,0.546367538
PBDC1,0.012703702,0.546308674
ANG,0.005434038,0.546240316
SYNE1,0.019972463,0.546234619
SLFN5,0.010567562,0.546221328
YIPF3,1,0.546179553
RALBP1,0.085148262,0.546162464
IMPDH2,1,0.546141577
PSMB4,0.727743797,0.546128285
PTPN2,0.357637403,0.546109297
CCDC127,0.009768578,0.546061826
C17orf89,0.110110052,0.546046635
ITSN1,0.000741899,0.546001063
PIN1,0.142405424,0.545985873
RNF181,1,0.54597448
RDH11,0.076309312,0.545955491
CHCHD10,0.004434669,0.545917515
RAB8B,1,0.545904223
ST3GAL1,0.091429548,0.545837764
NT5C,0.043798217,0.545813079
CSNK2B,1,0.545799787
RAB18,1,0.545777001
OLFM2,0.000845026,0.545773204
GNPDA2,0.000755121,0.545744721
GTF2E2,0.024737853,0.545737126
PARP14,0.079219312,0.545727632
DIO3,1.14261E-07,0.545689655
PPIF,0.0048109,0.545564332
C1orf123,0.237816342,0.545533951
SPSB1,0.291787062,0.54550357
PSMA5,1,0.54548648
CTSC,0.685447437,0.545469391
SMIM7,0.733404513,0.545457998
JUN,1,0.545404831
PYURF,1,0.545401033
PXDC1,0.011303208,0.545393438
SERGEF,0.001209332,0.545355461
TAF7,1,0.545323181
DCUN1D5,0.014920727,0.545296597
PHYKPL,0.122199829,0.545268115
PPIA,1,0.545266216
ANAPC5,0.237688147,0.545218745
ING2,0.011580294,0.545169376
NR3C1,0.370386255,0.545036458
TBCA,1,0.545030761
ADAR,0.071026669,0.544964302
ZNF295-AS1,0.000397562,0.544941516
NDUFB5,0.677402857,0.544928224
AIG1,0.006112816,0.544892146
ASS1,0.001087352,0.544880753
UFL1,0.000201405,0.544755431
RIOK3,0.512973635,0.544668084
MYEOV2,1,0.544668084
C5orf56,0.03270697,0.544622513
CHSY1,0.008486484,0.544595929
ZCCHC24,0.00026383,0.544592131
WDR83OS,1,0.544569345
PSMD8,1,0.544552256
TPBG,0.453232367,0.54454466
RILPL2,1,0.544542762
NUDC,1,0.544508583
A1BG,0.000391705,0.544472505
C1orf27,0.066439318,0.544457314
RB1CC1,1,0.544371867
LAP3,0.211444263,0.544360474
ASNA1,1,0.544345283
SLC4A7,0.059230267,0.544337688
WDR74,0.486361688,0.544297813
JAGN1,0.793144421,0.544265532
RIN2,0.000396833,0.544200972
NSMCE2,0.03781138,0.544125019
SLBP,0.401006339,0.544064256
SMAP1,0.775920959,0.544003494
UBE4B,0.000454842,0.543980708
CD58,0.526146139,0.543927541
NDUFV2,1,0.543927541
SQSTM1,1,0.543900957
EIF4H,1,0.54384779
SUPT4H1,1,0.543737658
FAM50A,0.857400216,0.54373386
HNRNPA0,1,0.543703479
UQCR11,1,0.543695883
CHURC1,1,0.5436693
SLC35E1,0.001001831,0.543646514
NME4,0.396371651,0.543595245
MGST3,1,0.543593346
AIMP1,0.268255381,0.543536382
COPB2,1,0.543536382
FBXO21,0.131580565,0.543424351
NDUFS6,1,0.543405362
CCT4,1,0.54337688
WASF2,1,0.543350296
HMGN3,1,0.543331308
SDHA,1,0.543300927
ENPP4,0.000445496,0.543255355
ZCCHC17,0.090121104,0.543251557
PTEN,0.066135159,0.543190794
HMGA1,1,0.543103448
DIMT1,0.574253096,0.542961036
ARHGAP12,0.005503001,0.542959137
MRPS26,0.09729003,0.542913565
GBP3,0.000337877,0.54290597
BEX4,0.059659526,0.542860398
ADAM17,0.035814939,0.542837612
NUDCD2,0.894752696,0.542803433
CECR5,0.113508981,0.542774951
ROMO1,1,0.542666717
PRDX5,1,0.542624943
PPCS,0.145813392,0.542615449
SYAP1,0.464507102,0.54256418
RASA3,0.02413408,0.542552787
ZNF106,0.100678355,0.542541395
PTPRA,0.410765349,0.542533799
C1D,0.378922222,0.542473037
ZCRB1,0.135457501,0.542290749
PCID2,0.066682628,0.542279356
C14orf119,1,0.542273659
HK2,0.066868005,0.542271761
IFNAR1,1,0.54219201
GSTM1,0.022606679,0.542169224
MED30,1,0.542138842
TBC1D10A,0.119540845,0.542093271
CRYBG3,0.00286879,0.542040103
MRPS7,0.817201701,0.541943263
NCL,1,0.541922376
MAGEF1,0.003489626,0.541907185
KLHL24,0.46842303,0.54189959
RPAIN,0.782330255,0.54189959
GPR137B,0.010905987,0.541819839
MRPL24,0.10409668,0.541747683
SCFD1,0.116591109,0.541740088
FEM1B,0.069522133,0.541722999
PEA15,1,0.541694516
UBE2N,1,0.541675528
VAT1,0.063480133,0.541637551
SNX17,0.373396705,0.541626158
UBE2E2,1,0.54160717
NDUFAB1,1,0.541565396
CDC73,0.289834339,0.541561598
GTF2F1,0.040948088,0.541546407
SREK1,1,0.541546407
ATAD1,0.007540372,0.541544509
TIAL1,1,0.541481847
IRAK1,0.000105353,0.541476151
BABAM1,0.139398504,0.5413964
PSMD9,1,0.541386906
MRPS12,0.604212121,0.541385007
OPTN,1,0.541356524
TBC1D9B,0.020306077,0.54131475
MPC1,1,0.541290065
PCMTD1,1,0.541284369
KLF9,1,0.541242595
FAM57A,0.001160147,0.541216011
SLC35E3,0.004054579,0.541197023
NME2,1,0.541178034
TMEM147,1,0.541151451
SLC39A13,0.111098876,0.541149552
ARL4C,0.001076295,0.54108689
MRPL32,1,0.541062206
PPP1R7,0.28084459,0.541041319
TMED1,0.152630758,0.541014735
CMC1,0.053336143,0.540938782
NDUFA10,1,0.540931186
C11orf58,1,0.54089321
ATF6,1,0.540874221
C4orf27,0.010820946,0.540845739
ACTR10,1,0.540836245
NDUFA6,1,0.540815358
YIF1A,1,0.540794471
NBR1,0.521816774,0.540786875
AZI2,0.391363675,0.540784976
PLGRKT,0.007302992,0.540771685
SPG20,1,0.540750798
EXOSC3,0.00462344,0.540741303
APH1A,1,0.54072991
NXF1,0.253382601,0.540707124
ERRFI1,0.015866789,0.540688136
PLPP5,0.194611805,0.540638767
LARP4,0.10850992,0.540623576
ITPA,0.108542658,0.540621677
CNOT2,1,0.540602689
DCTD,0.266402625,0.540566611
SASH1,1,0.540562813
UPF1,0.002012838,0.54055142
METTL5,0.193409311,0.540521039
ZFAND3,1,0.540296977
NDUFC1,1,0.540241911
CFAP36,1,0.540186845
TBRG1,1,0.540175452
FAM32A,0.574253096,0.540156464
NDUFS3,1,0.540114689
DDAH2,1,0.540055826
CSNK2A1,0.31917871,0.540053927
ARF5,1,0.540050129
GTF2A2,1,0.540023545
HIF1A-AS2,0.004742421,0.540019748
CBWD1,0.096031308,0.540014051
GPAA1,0.011890207,0.539845055
DNAJC3,1,0.5397729
UBE2L6,0.927773572,0.539759608
BEST1,1,0.539752013
MAGED2,1,0.539696947
YME1L1,1,0.539693149
RPL28,1,0.539689351
PENK,2.38518E-06,0.539655172
SLC39A1,1,0.539619095
IGSF10,4.79317E-05,0.5396096
MAP4K5,1,0.539514659
NEMF,1,0.539476682
CDK12,0.040948088,0.539472885
CAPN2,1,0.539461492
KCNQ1OT1,0.287667598,0.539442503
ADK,0.214151211,0.539429212
TRPS1,5.56791E-05,0.539423515
CCNG2,1,0.539419717
BLOC1S6,1,0.539404527
RNF187,0.140580265,0.539358955
RPL39,1,0.539353258
ALKBH5,1,0.539271609
UBE2R2,1,0.539191858
SECISBP2L,0.126187875,0.539180465
PDK1,0.378922222,0.539180465
RBMS3,0.048361829,0.539112107
NFKB2,1,0.539112107
SLC25A3,1,0.539112107
TOMM20,1,0.539047547
KIAA1033,0.363833361,0.539045648
DYRK4,0.002766527,0.539043749
S100A3,0.001275774,0.538994379
MBTPS1,0.0171883,0.538933617
SUPT16H,0.660250426,0.538931718
FNBP4,1,0.53889564
SEMA3C,0.000231178,0.538872854
HCCS,0.833818128,0.538857664
SMC5,1,0.538660185
TRAPPC2L,0.576045301,0.538654489
MRPL2,0.858807837,0.53865259
SRSF2,1,0.538648792
ING1,0.316753677,0.538646894
UBA1,0.385703365,0.538616512
DSEL,0.000137451,0.538608917
RSF1,1,0.538591827
LAMTOR2,1,0.538589929
CASP1,0.002300484,0.538586131
SLC30A7,0.016646241,0.538584232
CPNE3,1,0.538553851
PRDM1,0.430784594,0.538550053
SNRPA,0.356194885,0.538455112
ELL,0.891751053,0.538426629
PTRH2,0.731973365,0.538381057
ACVRL1,1,0.538381057
CMTM6,1,0.538325991
TLN1,1,0.538223454
TTR,0.000186372,0.53821396
PFDN6,1,0.538210163
KLHDC2,1,0.538174085
CRNDE,0.013430433,0.538139906
WBP11,1,0.538098132
PRKCSH,1,0.538098132
CCDC90B,0.166735447,0.538018381
NOV,0.00010585,0.537942427
SS18L2,0.349583682,0.537836093
PHIP,1,0.537786723
RFTN1,0.41652679,0.537737354
MCL1,1,0.537731657
APPL2,0.011858891,0.537705074
METTL12,0.051825625,0.537689883
NOLC1,0.451167933,0.537650008
SERPINB1,1,0.537650008
TUFM,1,0.537577852
EHD2,1,0.537501899
TULP3,0.512089194,0.537399362
CDV3,1,0.537399362
STAT6,0.372319235,0.537389868
RP11-37B2.1,0.038715714,0.537338599
RBM39,1,0.537338599
RPF2,1,0.537319611
CEP350,0.278717844,0.537317712
DDX27,0.197873804,0.537285432
DDX18,1,0.537274039
CITED2,1,0.537247456
HNRNPK,1,0.537236063
F2R,0.054067871,0.537220872
TMEM128,0.111985018,0.537213277
DERA,0.113248885,0.537186693
MRPL16,1,0.537173401
CMIP,1,0.537173401
EIF3M,1,0.537171502
HSP90AB1,1,0.537160109
POLR2J,1,0.537160109
UBE2E3,1,0.537154413
B4GALT7,0.07953969,0.537118335
RBM3,1,0.537118335
YIPF2,0.190262582,0.53707846
NDUFB2,1,0.537072763
CRELD2,0.193088932,0.537040483
HDAC7,1,0.537032888
HR,0.009142564,0.537027191
PSMC5,1,0.536981619
BBX,1,0.536974024
NAA50,1,0.536920857
NSA2,1,0.536917059
BCLAF1,1,0.536894273
ASNSD1,0.340317774,0.536793635
KAT8,0.273245138,0.536782242
RPS29,1,0.536776546
BCKDK,1,0.536765153
TRAF1,0.110110052,0.536740468
SLCO3A1,1,0.536738569
ZNF638,1,0.536734771
PPP2CB,1,0.536643628
RAF1,0.290180056,0.536624639
APLN,5.58839E-05,0.536582865
EMC10,1,0.536489822
IGBP1,1,0.536468935
MORF4L2,1,0.536449947
U2SURP,1,0.536408173
RNF113A,0.281776895,0.536400577
DNAJC19,1,0.536392982
DESI1,0.531402578,0.536373994
PSMD3,1,0.536358803
PPIG,1,0.536324624
MKNK2,0.174717719,0.536322725
MID1,0.057918704,0.53631513
ZNF207,1,0.536203099
ZFC3H1,1,0.536134741
ACSL4,0.377084884,0.536089169
NCEH1,0.000475741,0.536013216
SMTN,1,0.53594106
PHF14,1,0.53592587
YIPF6,1,0.535857512
JAZF1,0.101916846,0.535848018
WBP5,1,0.535804345
NRDC,1,0.535796749
YIPF4,1,0.535690415
NDUFB4,1,0.535686617
SUMF2,0.499605875,0.535599271
NBEAL1,1,0.535595473
NFKB1,1,0.53558408
SF3B3,0.590411812,0.535542306
ENAH,0.185733504,0.53551952
VAMP2,1,0.535473948
TMA7,1,0.535451162
GOLGA7,1,0.535451162
RSRC1,0.193409311,0.535420781
FEM1C,0.327907641,0.535415084
PNKD,1,0.535401792
PTGES3,1,0.535375209
C12orf65,0.496390364,0.535337232
MTSS1,0.034012078,0.535335333
ITGB1BP1,1,0.535303053
NDUFB7,1,0.535303053
SHMT2,0.851466859,0.535282166
DHRS3,0.349056532,0.535255583
ADSL,0.257267916,0.535234695
GNL2,1,0.535211909
YPEL2,1,0.535173933
PEX13,0.894752696,0.535135956
ZBTB21,1,0.535135956
KXD1,1,0.535116968
NOC3L,0.333679591,0.5350657
GTPBP4,1,0.535025824
SRSF1,1,0.535023925
C15orf48,0.00011708,0.53498405
GABPB1,1,0.534961264
GTF2B,1,0.534932781
TAF9,1,0.534927085
APEX1,1,0.534900501
ATG12,1,0.534885311
TLE1,0.339342875,0.534866322
PSMB2,1,0.534851132
GOLGA2,1,0.534809357
DLST,1,0.534769482
CAMLG,1,0.534765684
C14orf2,1,0.534748595
LINC01272,0.000144816,0.534737202
DBN1,1,0.53472391
TICAM1,1,0.534720112
MSC,0.478750075,0.534714416
GSPT1,1,0.534646058
PGD,0.190944076,0.534604284
TRIP11,1,0.534604284
TSPYL2,1,0.534581498
GPATCH2L,1,0.534570105
DDX50,1,0.534547319
IKBIP,1,0.534516938
CERS2,1,0.534497949
ATP5F1,1,0.534454276
PSMA6,1,0.534357436
TLCD1,0.003045834,0.534344144
ST6GALNAC6,1,0.534342245
LARS,1,0.534292876
TNFRSF21,0.029629649,0.534260595
SNX1,1,0.534228315
KRT10,1,0.534061218
NDUFA5,1,0.534053623
GNB1,1,0.534053623
PWP1,1,0.534000456
CTD-2336O2.1,0.509345995,0.533956783
LAMC1,1,0.53391311
ZNF622,1,0.533818168
HIGD2A,1,0.533730822
PELO,1,0.533681452
DEPDC7,4.78044E-05,0.53362069
SNAI1,1,0.533533343
QKI,1,0.53350676
BANP,1,0.533495367
ORAI3,0.199768038,0.533438402
ERGIC2,1,0.533381437
TMEM14A,0.210679154,0.533324472
PHYH,0.689623435,0.533294091
BRD2,1,0.533195352
CRIPT,1,0.533140286
USP10,1,0.533126994
HAX1,1,0.5331175
TPI1,1,0.533073827
SNF8,1,0.533058636
YIPF5,1,0.533020659
VPS13A,1,0.532920021
WIPI2,1,0.532914325
USMG5,1,0.532902932
KRR1,1,0.532899134
MDM2,0.347253616,0.532872551
EIF2S3,1,0.532847866
CNRIP1,1,0.532830776
EXOSC5,0.026370786,0.532811788
HAS2,0.000736643,0.532777609
BSDC1,1,0.532766216
SVBP,1,0.532724442
LAMB1,0.906181299,0.532697858
XRCC5,1,0.53269406
SEC62,1,0.532675072
ADI1,1,0.532673173
IFT20,1,0.532667477
MORC3,0.743114428,0.532654185
SNX5,1,0.532633298
GSTA4,0.021995638,0.532621905
FILIP1L,1,0.532621905
CXXC5,1,0.532616208
SLC36A4,1,0.532549749
PMVK,0.45489204,0.532538356
PACSIN2,1,0.532523166
ANGPTL2,1,0.532492784
CCT3,1,0.532473796
SNAPC1,1,0.532439617
LINC00116,1,0.53243582
CCBL2,1,0.532422528
PPP2R1A,1,0.532356069
RPS26,1,0.532348473
SIVA1,1,0.532314294
SERPINB6,1,0.532306699
RIF1,1,0.532225049
SSBP2,1,0.532225049
UQCRC1,1,0.532202263
NDUFAF3,1,0.532198466
PPFIA1,1,0.532196567
ELP2,1,0.532171882
PIAS2,0.2600636,0.532132007
COPS5,1,0.532132007
PLRG1,1,0.53212631
GOLGB1,1,0.532113018
PCF11,1,0.532082637
NEU1,1,0.532052256
FASTK,1,0.53202947
SMG1,1,0.531959213
IDS,1,0.531934528
OSER1,1,0.531930731
RARS,1,0.531902248
EIF4A2,1,0.531881361
MSANTD3,1,0.531849081
FAM174A,1,0.531831991
CISD3,0.965758364,0.531805408
TPGS1,1,0.531714264
MED4,1,0.531706669
ARMC10,1,0.531695276
COX8A,1,0.531634513
CSNK1G3,0.700994027,0.531596537
KLHDC3,1,0.531577548
RECQL,1,0.531573751
ATP5B,1,0.531488303
CUL1,1,0.531452225
UTP23,0.541938551,0.531440832
GARS,1,0.531423743
OXA1L,1,0.531418046
UBL5,1,0.531383868
DPM2,1,0.531349689
LIMA1,1,0.531319307
FAM200B,1,0.531279432
WDR46,1,0.531209175
TOX4,1,0.531118031
C2CD2,1,0.531099043
LETMD1,1,0.531097144
APOL2,0.353365564,0.531083852
RRAS2,1,0.531080055
C9orf78,1,0.531076257
GSTK1,1,0.531068662
TRIM56,1,0.531059168
PHF20,1,0.531032584
WDR45B,1,0.530987012
PUM1,1,0.530985113
SWI5,0.582929461,0.530931946
SYTL2,0.407331834,0.530930047
HOOK3,1,0.530922452
CD109,1,0.530757254
SURF1,1,0.530753456
WDR54,1,0.530743962
ALDOC,0.149358073,0.530742063
TIMM8B,1,0.530736366
MTCH1,1,0.53073067
AAMDC,1,0.530726872
NABP1,1,0.530719277
TERF1,1,0.530669907
RNF126,1,0.530654717
LZTS2,1,0.530635728
MRPL43,1,0.530609145
REEP4,0.770685416,0.53056737
PSMC2,1,0.53055218
USP8,1,0.53055218
RNF7,1,0.530540787
SPNS1,1,0.530362297
SAMHD1,1,0.530362297
RAB1A,1,0.530354702
STARD13,0.953232609,0.530339511
SNX2,1,0.530320523
CBX5,1,0.530297737
DCP1A,1,0.530271153
IL13RA1,1,0.530257861
OAF,0.508480221,0.530233176
ZC3H11A,1,0.5301952
FUS,1,0.530176211
ERGIC1,1,0.530123044
MIER1,1,0.530009114
CYP20A1,1,0.530001519
UBE3A,1,0.529986328
LUC7L3,1,0.529974935
TBC1D20,1,0.529963542
C19orf66,1,0.529919869
PPP1CB,1,0.529883792
KDM2A,1,0.529855309
NR4A3,0.125281268,0.529781255
RAD23B,1,0.529758469
POLD4,1,0.52973948
ADPGK,1,0.529731885
GGNBP2,1,0.529729986
IL1RL1,0.001681834,0.529625551
SCOC,1,0.529587574
SP3,1,0.529568586
NSRP1,1,0.529433769
CAT,1,0.529405286
ACAT2,1,0.529374905
CLINT1,1,0.52936731
MAZ,1,0.529348321
RNF11,1,0.529344524
DNTTIP1,1,0.529342625
SKIL,1,0.529281862
NIPBL,1,0.529276166
ZFR,1,0.529257178
RBBP7,1,0.529257178
ZBED6,1,0.529249582
DHX40,1,0.529192617
TWISTNB,1,0.529166034
TSG101,1,0.529078688
DYNLT3,1,0.529033116
PRDX3,1,0.529029318
CSE1L,1,0.528957162
PXK,1,0.528951466
POLR3GL,1,0.528938174
SP100,1,0.528902096
MRPL34,1,0.528873614
RBM25,1,0.528871715
CMB9-22P13.1,1,0.52886412
MED27,0.186881433,0.528797661
RBM8A,1,0.528793863
DHRS7B,1,0.528748291
IFNAR2,1,0.528744493
YPEL3,1,0.528594486
DEXI,1,0.5285717
SNRNP40,1,0.528556509
FAM129A,0.622162287,0.52850714
RNF13,1,0.528471062
SF3B6,1,0.528402704
CHCHD3,1,0.528402704
DCAF8,1,0.528400805
PDCD2,1,0.52836093
GPN3,1,0.52836093
FKBP3,1,0.528307762
MX2,0.937372989,0.528260292
DERL1,1,0.528216619
SLC16A7,1,0.528190035
EPRS,1,0.528144463
SORBS3,1,0.528055218
GOLT1B,1,0.52795458
ZNF593,1,0.527931794
C8orf59,1,0.527920401
SCP2,1,0.527768495
NUFIP2,1,0.527764697
TRA2A,1,0.527757102
POLR2A,1,0.527738113
DHX15,1,0.527696339
GRB10,1,0.527639374
EWSR1,1,0.527603296
UFSP2,1,0.5275976
ORMDL1,1,0.527578612
VPS37A,1,0.527531141
SEC22C,1,0.527521647
CTDSP2,1,0.527495063
RAD21,1,0.527481771
MFF,1,0.527477974
SNRPB2,1,0.527457086
BRWD1,1,0.527449491
LINC00657,1,0.527409616
CCT8,1,0.527392526
LAMTOR1,1,0.527384931
FNTA,1,0.527350752
SIPA1L2,0.530329621,0.527320371
NT5C3B,1,0.527282394
RTN3,1,0.527233024
MYO9B,1,0.527130488
EMC2,1,0.527098208
EVI5,1,0.527035546
TIMM17A,1,0.527031748
SHISA5,1,0.526993772
CACUL1,1,0.526942503
MAP4,1,0.526904527
HNRNPC,1,0.526902628
GLO1,1,0.526849461
LINC00969,1,0.526838068
RNF19A,1,0.526792496
AP2M1,1,0.526788698
TCP1,1,0.526758317
CCDC25,1,0.526724138
URM1,1,0.526636792
SNRNP70,1,0.526621601
NDUFA9,1,0.526595017
MLF2,1,0.526585523
YTHDC1,1,0.526553243
ALG2,1,0.526543749
PCBP2,1,0.526511469
PSMA7,1,0.526507671
CPVL,1,0.526498177
TMA16,1,0.526458302
PEPD,1,0.526450706
RANBP1,1,0.526332979
TBC1D23,1,0.526283609
FAAP20,1,0.526276014
LINC00493,1,0.526260823
KDM5A,1,0.526192465
MKLN1,1,0.526144995
RPS12,1,0.526097524
ANKRD11,1,0.526065244
CXCL8,1,0.526057648
TEX264,1,0.52605575
TCEAL3,1,0.526051952
ATP6V1D,1,0.525968403
DNAJC15,1,0.525911439
CD46,1,0.525881057
TIPRL,1,0.525858271
TVP23B,1,0.525786116
NOP56,1,0.525721556
CCDC28A,1,0.52568168
MRPL54,1,0.525641805
CTSZ,1,0.525510785
RERE,1,0.525484202
POP7,1,0.525484202
SMCHD1,1,0.525478505
KPNA2,1,0.525450023
PLEKHA5,1,0.525425338
GOSR1,1,0.525425338
GCH1,1,0.525398754
SBDS,1,0.525385463
STX4,1,0.525364575
TTC17,1,0.525281027
BET1,1,0.525273432
OTUB1,1,0.525229758
RBFOX2,1,0.525214568
INTS10,1,0.525203175
SMAD3,1,0.525186085
NUP58,1,0.525153805
EIF3G,1,0.525144311
IFT43,1,0.525131019
COA3,1,0.525091144
WDR43,1,0.525077852
ETNK1,1,0.525072156
GLS,1,0.525053167
PAIP1,1,0.524927844
GLTP,1,0.524912654
HNRNPH1,1,0.524878475
MRPL50,1,0.524836701
PSMA4,1,0.524791129
HNRNPD,1,0.524753152
DHPS,1,0.524749354
SLU7,1,0.524741759
RBBP4,1,0.524722771
HECTD1,1,0.524718973
HIVEP1,1,0.524694288
GPI,1,0.524688592
PPAN,1,0.524654413
MRPL39,1,0.524646818
SETD5,1,0.524563269
NDUFA8,1,0.524513899
SRP68,1,0.52447972
MPHOSPH10,1,0.524472125
KIDINS220,1,0.524380981
TM9SF2,1,0.524360094
OGFR,1,0.52428604
OSBPL5,1,0.524284141
LTBR,1,0.524251861
PSMA2,1,0.524211985
SPTAN1,1,0.524069573
SUB1,1,0.523999316
RFK,1,0.523959441
NR1H2,1,0.523913869
MRPS34,1,0.523887285
DBNL,1,0.523845511
METTL23,1,0.523735379
H2AFV,1,0.52365183
OAS1,1,0.52363664
BRD4,1,0.523577776
DERL2,1,0.523562585
SNRPD1,1,0.523558788
SCO2,1,0.523499924
GNAI1,1,0.523492329
OLA1,1,0.523469543
C19orf24,1,0.523418274
SEC24A,1,0.523410679
GPR183,0.058947335,0.523403084
ATG7,1,0.523382197
WASL,1,0.523359411
PLOD1,1,0.523264469
RELA,1,0.523245481
MPLKIP,1,0.523186617
POLR2G,1,0.523177123
MAGT1,1,0.523175224
NOP58,1,0.52313345
ARHGEF2,1,0.523127753
ECH1,1,0.52311636
WHSC1L1,1,0.5230518
SAFB,1,0.523021419
MRPL4,1,0.522972049
SF1,1,0.522934073
LSM6,1,0.52287331
DRAM2,1,0.522869512
SELENBP1,1,0.522852423
DNAJC7,1,0.522782166
CHCHD5,1,0.52277647
DNAJC2,1,0.522721404
PDCD6,1,0.522681528
RBBP6,1,0.52263026
HNRNPAB,1,0.522592283
CLCF1,1,0.522575194
PDS5B,1,0.522569497
BANF1,1,0.522546711
PHF3,1,0.522489746
KLF13,1,0.52245177
TSR2,1,0.522356828
PRPF31,1,0.522343536
CALR,1,0.522334042
NDUFS7,1,0.522332143
CCDC186,1,0.522284673
N4BP2L1,1,0.522284673
CHMP3,1,0.522282774
XRN1,1,0.522185933
CCNH,1,0.522056813
TCERG1,1,0.521984657
MLF1,1,0.521910603
ASH1L,1,0.521897311
MRPL20,1,0.521887817
PAF1,1,0.521874525
MAP4K4,1,0.521851739
NCKAP1,1,0.521827055
APMAP,1,0.521821358
PSMB3,1,0.521806167
PSMD2,1,0.521749202
SHFM1,1,0.521735911
MEA1,1,0.521699833
LRP10,1,0.52167135
ZMAT2,1,0.521665654
POLR2I,1,0.521661856
SPSB3,1,0.521637172
MARK3,1,0.521585903
NDUFA3,1,0.52157451
PSMD14,1,0.521565016
MED29,1,0.521540331
MCFD2,1,0.521475771
FIBP,1,0.521392222
NRBP1,1,0.521297281
MRPL21,1,0.521283989
CXCL6,0.088833087,0.521149172
LAMTOR3,1,0.521122588
PRRC2B,1,0.521073219
C9orf16,1,0.521061826
ARHGEF12,1,0.521035242
MRPS25,1,0.520997266
MEAF6,1,0.520978277
APPL1,1,0.520951694
GPR137,1,0.520944098
DHX36,1,0.520898527
CCDC174,1,0.520887134
POLR2K,1,0.520864348
PRPF40A,1,0.520851056
HSPH1,1,0.520807383
BCL3,1,0.520799787
SSRP1,1,0.520784597
MIA3,1,0.520758013
SDR39U1,1,0.52074662
DKK1,0.025270922,0.520689655
UBE2F,1,0.520655476
TMX2,1,0.520644083
PSMC3,1,0.520598511
ATG3,1,0.520592815
BBC3,1,0.520530153
FKBP4,1,0.520499772
PLA2G2A,0.062251618,0.520478885
CCT2,1,0.520437111
DHX9,1,0.520402932
ZPR1,1,0.520347866
PPA2,1,0.520332675
UBE2J2,1,0.520290901
AES,1,0.520287103
DEK,1,0.520279508
TUBB,1,0.520237734
HSPD1,1,0.520197858
HACD3,1,0.520169376
LRRC59,1,0.520138994
COMMD5,1,0.520133298
MAFF,1,0.520116208
AGPAT2,1,0.520083928
IFI16,1,0.520045952
SPRY2,1,0.520017469
LIFR,1,0.520006076
STK3,1,0.519971897
KLF5,1,0.519755431
RPL26L1,1,0.519694668
SNW1,1,0.519687073
NOC2L,1,0.519668084
ARF3,1,0.519660489
KB-1980E6.3,0.093722161,0.51961112
TBC1D15,1,0.519599727
AHR,1,0.519481999
ZCCHC6,1,0.519455415
DYNC1I2,1,0.519451618
DHX29,1,0.519417439
MRTO4,1,0.519390855
TXNDC12,1,0.519341486
G3BP2,1,0.519288318
PGM2L1,1,0.519231353
MTX1,1,0.519223758
SMARCE1,1,0.519223758
HAPLN3,1,0.519181984
PPTC7,1,0.519176287
EML4,1,0.519128817
PDCD6IP,1,0.519060459
PSMG3,1,0.519050965
ERICH1,1,0.519014887
FAM127B,1,0.518999696
UGGT2,1,0.518895261
ZFYVE21,1,0.518859183
CFAP20,1,0.518859183
RAI2,1,0.518828801
VPS35,1,0.518787027
LYAR,1,0.518726265
AHNAK2,1,0.518714872
IMP4,1,0.518566763
C20orf24,1,0.518562965
TMEM57,1,0.518562965
TMEM134,1,0.518559168
ZNHIT3,1,0.518551572
PRAF2,1,0.518509798
USP16,1,0.518502203
FXR1,1,0.518498405
CAPNS1,1,0.518433845
UXS1,1,0.51839207
TIMM10,1,0.5183446
EMC9,1,0.518323713
ILF3,1,0.518281938
TMEM160,1,0.518270545
SPG7,1,0.51826295
PRPF4B,1,0.518234468
GART,1,0.518186997
MAPK6,1,0.518109145
PRKD3,1,0.518099651
SEC23A,1,0.518076865
DLC1,1,0.518055978
DMTF1,1,0.518046483
STXBP3,1,0.518025596
DYRK3,1,0.517962935
PRKRA,1,0.517886982
SNRNP27,1,0.5178566
GLIS3,1,0.517849005
LAPTM4B,1,0.517818624
EIF2AK2,1,0.517786344
DNAJB14,1,0.517742671
HNRNPR,1,0.517691402
CAPZA1,1,0.517543293
HSPB11,1,0.517442655
THOC2,1,0.517412274
TCAF2,1,0.517347714
MPST,1,0.517313535
NTAN1,1,0.51728885
MT3,0.128274148,0.517241379
INTS6,1,0.5172072
SEPT2,1,0.517199605
MAT2A,1,0.517165426
ARFGAP3,1,0.517087574
TKT,1,0.517062889
C19orf60,1,0.5170458
MRPL27,1,0.517024913
DEF8,1,0.517021115
C15orf57,1,0.516926173
TARS,1,0.516829333
PLSCR4,1,0.516814142
GGCT,1,0.516732493
ZFP91,1,0.516717302
CEBPZ,1,0.516629956
KDM6B,1,0.516618563
TCF7L2,1,0.516569193
SPTLC2,1,0.516559699
ADIPOR1,1,0.516449567
DPM3,1,0.516432478
RRAS,1,0.51642868
SAP30,1,0.516417287
HNRNPH2,1,0.516371715
UROD,1,0.516231202
METAP2,1,0.516183731
JAM3,1,0.516159046
DENR,1,0.516121069
RBM4,1,0.516090688
USE1,1,0.51608689
CMTM7,1,0.516079295
WAC,1,0.516037521
PRPF18,1,0.516018533
TTC1,1,0.515980556
AK6,1,0.515919793
MECP2,1,0.515897007
CAND1,1,0.515798268
TECR,1,0.515786875
STIP1,1,0.515769786
RPS6KA3,1,0.515733708
NSFL1C,1,0.515674844
KCMF1,1,0.51565016
FBXO7,1,0.515648261
RCC1,1,0.515596992
SCML1,1,0.515559016
TRIM38,1,0.515483062
FRG1,1,0.515469771
CCL20,1,0.515445086
HSCB,1,0.515410907
LSM14A,1,0.515365335
NT5C3A,1,0.515334954
KIAA1143,1,0.515281786
MITD1,1,0.515253304
SERBP1,1,0.515240012
PDCD10,1,0.515186845
UIMC1,1,0.515171654
EPC1,1,0.515160261
PSMG1,1,0.515114689
PPHLN1,1,0.515112791
COA6,1,0.515093802
MRPS2,1,0.515072915
CYB5R1,1,0.515046331
HSBP1L1,1,0.515027343
LONRF1,1,0.514974176
PLK3,1,0.514966581
SFPQ,1,0.514898223
UBD,1,0.514810877
CBWD5,1,0.514725429
FBXW5,1,0.51469125
RNF4,1,0.514677958
USP34,1,0.514674161
PIGA,1,0.5146096
BFAR,1,0.514526052
PSME1,1,0.514442503
RPL37,1,0.514245025
PCGF5,1,0.514233632
ANKRD17,1,0.514176667
PDXK,1,0.514159578
SCAMP2,1,0.513889944
CCSER2,1,0.513762722
SDF2L1,1,0.513732341
CEP57,1,0.513728543
MRPL9,1,0.513722847
LARP7,1,0.513633602
TIMM50,1,0.513513975
PLAU,1,0.513434225
MRPL55,1,0.513420933
RAB9A,1,0.513354474
HMGXB4,1,0.513272824
PUM3,1,0.513255734
CCT5,1,0.513105727
ZC3H13,1,0.513079143
ARPC3,1,0.513025976
PMPCB,1,0.513022178
SND1,1,0.512976606
MPV17,1,0.512912046
PPP1R15B,1,0.512904451
TMEM109,1,0.51288926
YY1,1,0.512879766
AKIRIN2,1,0.512627222
NDUFB6,1,0.512517089
CHMP1B,1,0.51241835
SREK1IP1,1,0.512247456
ACOT2,1,0.512209479
HDAC3,1,0.512196187
SAR1B,1,0.512186693
PRKAG2,1,0.512160109
UFD1L,1,0.512042382
TBCB,1,0.511966429
OSTF1,1,0.511951238
GPATCH4,1,0.511810725
UBAP1,1,0.511730974
ARL8A,1,0.511658818
CALCOCO2,1,0.511611347
PTBP1,1,0.511579067
SYF2,1,0.511560079
RRP15,1,0.511499316
ISCA1,1,0.511434756
HLA-G,1,0.511358803
ZBTB1,1,0.511351208
KPNB1,1,0.511339815
ANKRD37,1,0.511248671
STAG2,1,0.511222087
FAM43A,1,0.511155628
MYL6B,1,0.511113854
MRPS15,1,0.51110436
NUTM2A-AS1,1,0.511081574
SAT2,1,0.511058788
TCF25,1,0.510986632
RBM6,1,0.510963846
DR1,1,0.510861309
PEX16,1,0.510823333
JPX,1,0.510741683
IDH3A,1,0.510534711
GMPS,1,0.510521419
SPEN,1,0.510439769
NONO,1,0.510369512
HDAC2,1,0.510303053
ANAPC13,1,0.510295458
CWC15,1,0.509917591
GLOD4,1,0.509915692
CHST11,1,0.509763786
SSBP3,1,0.509752393
MIDN,1,0.50964226
COX11,1,0.509192238
ZADH2,1,0.509049825
TRAPPC1,1,0.508869436
SLC38A2,1,0.508821966
SNX6,1,0.508696643
SLK,1,0.50868525
IST1,1,0.508622588
TRIM13,1,0.508609297
PYCARD,1,0.508453593
PPP4R3B,1,0.508056737
CIAO1,1,0.507944706
PDHB,1,0.507880146
CHMP4A,1,0.507773811
AAMP,1,0.507735835
POLDIP3,1,0.507528862
RBMX2,1,0.507329485
TSPAN3,1,0.507295306
DDRGK1,1,0.507120614
SET,1,0.507038964
PNN,1,0.506938326
FLYWCH2,1,0.506885159
SNTB2,1,0.506873766
RICTOR,1,0.506714264
SYNCRIP,1,0.506556661
IK,1,0.506533875
ZFAND2A,1,0.506524381
RNF130,1,0.506501595
PITPNB,1,0.506473113
EXOSC8,1,0.506002203
TOPORS,1,0.505893969
MRPS18A,1,0.5058446
HSPA6,1,0.505819915
PITHD1,1,0.505696491
RNF167,1,0.505267355
NAA10,1,0.504997721
IMMT,1,0.504961644
NDUFAF4,1,0.504823029
TAF11,1,0.504686313
SMARCA5,1,0.504652134
NIP7,1,0.504633146
NMD3,1,0.504585675
CMAS,1,0.503387513
UBE2E1,1,0.503209023
VBP1,1,0.502540635
YWHAG,1,0.502485569
COX14,1,0.502466581
TMEM256,1,0.501819079
XRN2,1,0.501640589